img_id,target_feature
17363,2
8612,5
8244,0
9264,0
5382,6
9997,10
6750,9
16789,4
5524,3
7983,4
16717,0
8169,6
12335,9
7162,0
7759,2
10045,4
11795,0
7956,10
17099,18
1666,1
12042,0
13411,5
6939,9
12427,3
2326,0
11852,1
7190,3
4925,2
1004,0
3888,0
17590,6
8930,0
17837,5
7724,14
7867,16
1044,16
3015,13
10920,2
16992,0
3435,0
2446,9
14925,3
9651,6
3091,8
5569,3
16104,16
2119,0
974,6
4579,8
12489,10
3052,0
8994,9
6605,0
2111,1
9495,11
8409,2
8436,2
6497,13
15290,18
329,12
14499,11
13552,9
8196,12
10049,4
13225,0
13343,16
8481,5
4717,3
7906,9
4702,2
4438,3
8159,4
14931,6
10119,3
8440,4
3604,9
11224,4
5326,5
8345,0
12746,0
10838,14
15418,0
3584,3
17181,0
256,13
17759,8
5259,2
3758,4
11955,3
9142,0
6637,16
6884,0
6038,0
2673,8
5215,5
13706,5
1882,5
8032,16
5337,5
15169,9
11560,13
12577,6
17080,11
13998,18
10314,9
11826,13
784,9
11959,12
111,8
2489,0
9067,3
9581,3
2809,0
10869,11
5928,0
9454,9
4151,0
15032,5
15175,3
12896,10
8466,5
5615,0
10669,18
248,10
14948,18
16479,5
6208,0
15461,0
96,0
11454,9
2665,0
9414,3
2875,4
222,8
8706,18
14958,5
7709,13
2787,3
8207,0
10523,0
2504,11
2585,8
13710,4
7355,10
9124,8
8025,3
5914,0
15747,3
10113,12
9870,0
6016,18
4881,5
10284,0
5797,1
15327,14
327,3
16990,0
2421,9
3401,16
13598,6
12047,0
11029,16
339,8
1828,0
834,9
2021,0
3178,0
15300,16
631,5
1313,0
12312,0
6486,0
7423,6
6541,18
15926,8
12176,3
16818,0
17358,3
11510,5
16561,16
8170,3
10941,0
17473,3
9140,2
12691,0
8700,16
9872,13
3992,10
8938,3
15341,16
4416,4
525,14
15186,0
10490,0
17414,0
7546,16
8407,12
3080,0
2746,3
5478,5
11474,0
14061,6
10673,13
17560,0
10104,2
7456,5
13214,0
10423,6
2718,0
93,16
10784,13
1772,18
4408,3
5670,18
11981,9
10677,3
2364,4
16039,13
10252,3
16827,0
14240,9
6465,0
10366,2
16893,13
1483,4
9695,9
3531,9
9031,3
11004,5
9045,9
17008,0
5449,2
2851,5
3939,10
7728,5
1986,9
6720,0
2647,0
9281,18
14219,12
14660,3
16438,3
8753,10
4611,0
10852,2
5402,6
9602,3
4604,12
17455,3
3053,6
10310,3
5239,0
1548,9
8632,0
10797,9
17370,1
1550,18
9519,3
11528,10
6217,3
2650,0
15662,3
589,0
865,12
4641,0
6757,0
6505,0
10159,10
9644,9
5495,2
5859,3
68,16
9085,5
10055,16
13123,3
5874,3
8199,8
6161,14
1392,3
8566,5
6250,0
6867,4
10112,12
10562,3
12533,0
7889,0
13731,16
4420,6
3079,0
6459,0
6609,12
4149,9
15073,12
9515,2
4857,0
14992,3
2159,18
11773,0
7359,0
7651,2
5744,4
13567,11
6566,3
6044,5
12392,16
10658,0
6372,6
7486,0
16292,10
6135,8
15576,3
16910,5
15336,5
5996,5
5229,0
11088,0
17017,9
8355,5
9254,3
14501,10
17860,8
12884,1
2080,12
3127,3
16034,18
15518,0
5924,6
11166,18
10671,0
15740,3
1067,10
10592,9
7213,13
7441,0
1445,0
115,0
6758,16
4328,3
233,14
4484,14
15748,2
13559,0
2801,6
7157,3
15581,11
12412,8
17045,8
11361,16
7868,9
14415,0
2757,10
3747,6
11349,9
4598,0
3665,9
7911,18
10593,3
7262,0
15026,12
16769,0
15475,6
7048,9
13021,6
14876,3
11524,9
8368,0
16043,0
14169,6
17329,3
8676,2
13005,4
1822,9
11111,4
7736,3
3892,0
3864,16
11674,9
12368,9
7198,3
7856,3
17117,3
10485,12
2099,0
5139,12
11870,0
3908,5
9006,18
11886,6
7086,11
11423,8
13579,16
14018,2
17920,18
13977,4
12363,0
11493,0
11293,2
12072,0
14471,16
7939,11
3045,14
7001,3
15247,9
2872,16
2090,4
10641,0
15451,4
5015,3
4917,18
9758,5
17529,12
2393,5
9418,5
11139,0
14441,9
8178,0
12593,16
13231,3
1446,2
510,9
687,0
3095,5
9532,9
14693,3
10148,16
10266,9
5658,0
14821,5
3843,16
308,2
10131,8
1744,0
3904,8
12115,0
8569,3
7529,10
1657,2
7161,5
11782,0
2984,16
3268,9
15086,12
4352,8
9106,6
5499,2
5292,3
10573,5
5832,0
17280,16
13492,3
7981,11
1993,0
10951,9
2790,9
17278,3
1094,0
3727,2
9298,12
11364,4
2518,3
15113,9
17617,3
4834,0
4736,3
7658,5
1296,8
4271,9
2821,0
12101,0
3100,4
17349,6
11623,9
17675,3
599,2
15701,5
2954,0
11579,0
5127,14
12197,12
356,14
3007,8
2305,9
12492,3
6831,16
9275,0
12470,2
5238,10
15154,0
5046,9
12761,6
1510,9
4330,4
183,4
6964,2
9079,11
11310,0
15357,3
12779,0
260,0
7640,5
14322,3
10672,11
16335,13
10029,0
4596,0
11200,3
2685,2
108,0
3784,0
4545,8
8009,9
426,0
7717,1
7614,8
8397,8
14796,6
6626,8
2310,5
8026,5
5174,11
13124,10
7416,0
4691,9
13526,5
16755,0
14519,0
11356,13
17219,9
2675,5
2073,0
15789,16
39,18
6952,4
8161,10
6301,5
3573,10
12341,4
16661,8
12455,0
3040,5
3501,16
8377,5
11519,10
7870,13
7843,16
3610,3
10898,8
2925,11
4523,0
11502,3
11104,6
12667,6
13692,9
11717,12
6452,14
1921,6
5470,10
16700,0
16236,9
9308,5
15685,0
14957,0
16575,3
13625,0
2783,9
14801,5
6979,16
16907,5
10836,0
14502,13
15386,2
3138,0
5784,0
17848,5
17766,5
6113,0
9923,11
5395,3
2781,14
14922,4
3906,0
36,5
16498,4
4264,0
694,0
3700,9
1593,3
3595,3
4051,3
15562,6
3775,18
15342,0
15907,16
11258,11
5886,0
6651,3
5483,14
15407,0
3889,6
17337,3
17745,3
7014,6
17795,0
1787,8
7525,5
12802,16
13958,8
7683,12
1078,16
4111,8
5945,0
3469,0
3772,18
17554,5
4026,3
5450,6
3439,10
3492,0
7629,13
2558,3
14239,4
4769,8
15836,16
213,5
17297,3
10322,0
4835,12
10118,5
13540,18
9596,5
1711,3
2366,0
3559,3
14316,11
9832,0
16200,9
15330,0
15875,0
15687,12
8996,8
14984,2
13199,9
495,3
9305,3
10583,11
5939,0
10308,12
5536,3
17587,13
15961,5
11353,0
9217,16
2694,4
1279,6
13213,0
11883,18
5212,18
17051,13
14000,3
6660,2
16115,3
4952,5
2349,16
2706,16
9440,0
12954,5
4322,0
739,10
7861,11
13510,4
17364,9
12984,0
10812,3
16382,5
14962,0
7949,3
759,9
11545,2
7361,3
11175,13
6110,16
14902,11
2016,3
2609,0
17758,10
5535,18
17977,16
8709,16
2825,16
12741,3
2375,0
13569,12
15370,11
8704,2
6365,3
1306,18
8851,11
13187,0
15077,0
4910,12
8158,3
13955,0
10001,0
2309,14
326,9
1574,8
11102,0
9715,0
6246,0
1401,12
761,6
9779,3
15878,0
1217,3
2109,3
9976,5
9939,5
13381,11
7654,0
2579,16
15817,0
3551,5
17974,10
8385,4
7757,0
9177,14
15217,5
1262,5
14023,10
10330,12
17275,4
6168,0
16747,0
8597,1
17487,10
8212,3
9617,16
3552,12
1322,10
5011,4
6467,5
17263,12
7678,9
7919,0
16087,11
8272,0
7609,18
10476,13
15989,9
10251,0
16458,4
577,3
14536,3
7130,11
10089,6
5876,10
12271,0
3769,9
17076,9
2453,5
4457,9
3678,12
9580,2
7119,9
14826,6
17964,18
2970,0
12927,0
5843,9
9637,4
5820,0
3228,14
10929,3
11021,3
13667,0
16805,0
10695,9
12249,3
2262,5
8525,6
1998,5
15331,5
9537,3
9590,14
15730,6
4875,8
1431,5
6308,10
12999,9
13796,3
13709,3
3130,6
12863,1
12244,3
2278,10
9665,13
11748,9
11931,9
5404,9
7063,5
7011,12
4634,6
10169,9
15359,5
14916,2
17192,3
16790,0
16788,16
3886,3
6287,3
13098,0
5425,6
1466,4
18016,5
13089,3
14859,0
10175,0
12807,3
350,2
13303,5
15925,4
8513,4
16574,2
16202,8
5574,6
3442,16
7055,0
5276,5
2833,5
16595,3
438,6
1469,5
12879,0
12235,8
9080,3
15856,6
4780,3
17773,9
3542,9
4587,0
8785,0
10215,2
16302,11
7222,8
65,3
6897,13
7966,1
12788,10
11965,0
6959,13
5140,3
6342,9
9331,0
2923,0
5462,16
8097,3
9433,0
6794,2
5208,0
13490,5
14937,3
6136,0
9469,18
1732,3
14515,4
11091,6
1453,4
9329,4
6861,11
17417,2
841,0
15831,5
8313,16
16982,11
1886,2
16669,13
8027,18
9404,5
1316,4
17194,6
4381,13
6974,0
1984,5
17010,8
1117,0
12922,0
74,16
3461,6
11160,3
11597,3
4269,2
12181,6
15691,9
10170,4
9671,16
5159,10
4467,8
17625,3
7700,10
14367,3
10597,16
14890,9
13874,9
6300,0
804,6
16445,16
13870,3
4034,3
4008,0
8112,10
7975,0
13848,9
1136,2
4495,9
7127,9
10594,9
17200,4
7281,16
1868,0
3208,8
14910,6
17064,2
14452,16
146,13
11692,18
6307,18
17903,0
3579,6
14930,13
6182,6
13902,6
16186,13
12360,11
11339,10
10751,5
15808,6
1873,0
11658,3
4257,11
10042,0
1248,14
16938,0
6068,0
15755,18
11222,5
17437,18
13045,0
8993,1
12675,2
1081,0
11988,9
611,0
16935,10
16485,16
12869,2
17294,14
5935,13
16256,5
4790,12
13919,0
15746,0
12209,0
13261,11
12432,6
13927,1
8455,16
8241,5
17460,0
5481,3
16160,4
10993,4
8507,6
5068,16
82,9
13887,1
546,3
983,2
482,3
9108,6
2336,0
13785,18
15595,0
17308,12
14496,6
12145,3
2958,3
4025,2
4483,18
11817,0
15690,4
6530,3
13488,8
6575,3
8198,0
17067,9
5451,0
11938,11
13525,0
13858,16
14102,14
6640,9
8821,6
13865,5
13957,0
11094,13
17888,4
13775,9
8416,0
3791,5
1295,5
4958,5
4685,6
15819,0
9876,16
5195,3
4451,10
10558,16
11740,4
4454,12
1303,2
4162,3
17128,6
11578,3
5881,16
1940,4
15516,16
15520,4
17880,3
14551,6
1491,16
9942,9
12304,2
15858,18
3830,1
3652,8
736,11
13725,10
16630,12
1144,5
7336,2
1318,13
5660,16
12893,6
6804,5
10130,4
2362,11
1449,4
9230,6
10481,18
13183,6
15100,16
6351,4
1019,0
17479,9
4370,0
12972,10
7987,0
2690,3
13827,6
301,11
1907,0
11606,6
8300,0
9152,4
1172,0
7826,9
14216,3
16770,5
17048,4
4920,9
9429,6
8517,0
12956,0
13588,8
7925,2
9007,16
11305,13
8213,9
1878,0
12998,6
17425,13
17196,0
7339,0
10460,0
16731,14
5963,5
11030,10
18006,0
14459,16
488,0
12077,4
12662,5
4267,16
16877,5
14663,3
10033,4
14815,16
660,16
16532,4
4544,16
17699,9
13040,0
17792,13
1835,8
1733,0
16736,18
5529,0
9946,3
504,18
13722,16
4331,0
11554,2
1496,16
8079,14
17387,0
13120,11
14857,6
16173,0
13444,5
14533,18
2333,0
17190,4
7470,9
15287,0
990,16
454,0
9434,9
6468,14
10163,5
448,4
16105,13
10791,9
12864,3
9269,0
9382,11
15846,6
5359,3
477,16
13102,14
3820,2
8918,3
778,0
7743,9
2742,12
5282,13
14386,18
9814,0
4029,0
938,5
17825,6
4594,16
1406,0
17095,14
12416,5
17472,0
9649,4
13451,18
14046,3
11274,6
551,3
8722,4
7602,0
5312,18
10645,2
14362,18
15529,5
17167,12
12697,0
17552,2
2230,0
12992,0
15521,3
14204,0
10956,0
1464,0
17466,3
11668,3
8235,4
6387,8
341,3
3092,9
2146,9
7810,13
16577,4
3962,18
13438,5
9867,9
2038,14
3012,0
7340,8
16911,3
5502,3
10053,5
5390,10
14350,0
17428,10
17438,16
5017,3
15273,4
6361,0
12135,9
11742,0
2494,5
15296,8
17086,6
13441,0
15200,5
1141,9
10707,3
8034,4
11804,3
16453,3
5240,11
16432,9
11629,14
4418,12
9684,8
10336,0
10270,0
11714,0
5165,9
5936,3
8896,13
17324,3
14847,0
9130,0
11953,13
13506,6
16627,5
135,16
10258,0
15230,18
17971,13
8150,0
821,4
11123,9
437,3
12227,18
8278,11
4775,14
14486,0
9216,2
2591,9
6103,0
1284,18
7207,0
11013,4
8814,0
4891,9
2778,5
13869,2
12656,16
3193,0
15704,9
1969,0
13935,0
16145,6
3099,3
8736,16
12315,2
11559,0
15688,1
13729,0
10312,1
17025,16
17961,9
8273,3
6735,9
12039,8
3815,2
17608,9
5468,9
6033,0
8254,5
7750,1
16279,5
16474,0
11196,9
3219,6
6129,18
4172,6
8707,9
8060,13
8359,1
14327,9
16020,3
3567,3
14290,12
11896,16
10615,9
8900,3
15315,6
2360,6
17778,3
12038,11
9373,2
2061,16
10458,6
17205,3
11468,11
7606,4
14727,12
9573,16
13254,6
5324,16
12810,16
4625,3
6978,18
7235,0
6122,13
11053,9
6756,0
4202,0
3706,3
17726,5
8528,5
8555,5
7362,12
4154,8
7800,12
3512,9
5056,18
15066,6
43,9
17,0
819,5
5568,5
1926,0
13867,9
12968,2
2418,13
16344,8
8979,4
11797,4
7832,0
6281,12
4170,2
15213,0
491,5
9215,0
15210,16
12221,0
11767,9
10469,5
1363,3
4001,3
14448,3
3368,0
4434,16
14127,11
453,16
11946,6
15277,12
8562,9
14935,3
1452,10
5301,6
15532,18
12570,0
9471,8
16651,3
1089,0
440,6
17182,12
8367,0
2374,10
230,2
13325,3
593,3
4311,14
8661,0
704,3
5318,0
13928,6
3854,0
10699,13
5905,3
783,3
3655,5
7684,0
818,6
7955,3
9728,13
17502,3
9798,3
15993,6
16407,9
17096,9
14974,0
8825,4
6148,3
6554,6
443,8
542,0
2813,6
5794,5
14259,5
17521,8
1695,10
1323,2
7287,6
14795,18
608,10
16437,0
13835,0
5232,0
14681,9
2438,10
6739,4
2265,3
11012,3
14487,10
7338,4
17221,16
1309,3
13341,0
17379,9
17641,1
15783,11
17933,3
12933,3
5803,5
16094,1
6761,0
16932,5
14113,0
12332,6
14394,4
13030,16
2905,3
14714,13
6918,14
5176,10
8650,3
18001,18
14557,4
8322,13
23,9
16310,4
17100,16
4722,5
9222,6
9175,5
16676,0
3606,0
12936,10
17169,0
2429,0
6088,5
1187,6
15927,11
6066,0
16338,2
9828,6
16866,3
7973,9
11729,3
13265,18
15439,4
8794,3
1611,18
6823,5
14637,4
16792,6
13456,10
16958,12
10179,10
5475,4
16282,11
16133,3
1361,2
7892,0
3987,6
3841,16
5586,6
6192,2
15434,11
1076,5
3414,8
13194,4
1929,0
641,8
9752,1
1371,6
17928,3
5948,13
6937,5
15775,16
3142,9
14597,8
6878,8
3863,16
1536,0
5089,10
7042,14
14721,4
2432,9
7698,0
12116,1
13097,12
6364,0
15132,5
14130,16
5817,12
2584,6
528,16
691,0
16073,3
17451,0
13813,3
10416,2
9611,16
10619,4
8421,0
4810,0
13146,14
6224,3
4316,5
6558,0
9938,18
12557,0
10068,3
8406,2
11532,10
1505,16
14197,9
9109,0
10822,11
9139,4
872,16
12690,0
9587,4
9615,0
7505,9
16203,5
2254,0
16791,3
3591,0
9588,16
3264,11
10991,16
1007,10
17113,0
17031,5
7808,13
14154,8
3488,3
424,9
3660,4
17388,2
8518,2
13459,11
14289,6
14829,3
15655,2
4805,14
2138,16
1030,11
12370,2
8348,12
13006,16
8098,9
2386,3
270,4
9751,14
17566,9
3341,16
12673,0
17447,4
3397,8
13032,16
7657,3
15252,3
3608,12
14936,3
257,8
12255,0
17942,3
1175,3
2186,8
6204,4
6524,0
3921,1
1769,0
1108,9
1712,13
10328,9
3304,5
6610,12
10617,3
16370,8
1539,3
10437,3
2014,4
16512,9
8177,18
3867,8
4954,3
6869,3
7978,4
714,4
5838,8
14708,10
3925,8
6075,5
15467,8
11875,18
14199,16
17646,14
15324,0
16150,0
1024,0
3156,5
16215,6
2158,0
11736,3
2319,0
9904,0
16235,9
3306,6
11099,16
6296,18
3162,12
13292,3
4908,9
17145,3
8758,8
3630,2
9292,6
17983,9
11926,14
4554,3
6290,16
14851,9
6431,11
17589,4
1838,18
14447,11
16626,3
13155,4
7087,0
15587,0
17327,18
7445,0
2689,0
11144,3
6811,10
15438,10
7792,4
3293,9
16332,3
12967,4
15152,2
2533,11
4933,16
13080,6
11757,9
4675,4
6078,9
14355,0
8822,0
5448,0
977,16
12846,2
15362,0
17422,2
5770,11
12859,9
3473,0
8772,0
4864,9
1759,3
5544,16
10984,11
13236,16
8778,6
15630,6
10180,16
17482,13
6607,16
13024,10
8124,0
14512,13
2617,16
6039,18
6788,3
12958,9
5738,6
5247,4
1173,16
7894,3
1980,0
15984,2
1057,8
3954,0
14887,0
8363,13
10652,16
12267,0
466,16
14485,0
3400,10
5496,0
10689,3
3928,0
17264,4
97,8
3571,6
3192,0
2522,0
16060,0
4002,5
6744,6
2681,11
3842,0
8538,11
2283,6
13503,3
11442,10
10316,5
12590,0
14396,18
3089,9
5858,0
5233,5
17528,5
2435,13
16190,13
8904,0
1630,0
2437,0
3144,10
13475,9
389,4
8943,3
7490,0
10746,12
15975,4
5251,3
3243,3
15235,0
7890,9
1704,0
2961,10
4175,2
15778,0
10939,18
5183,0
15980,5
2593,0
13689,5
11132,16
14044,9
6529,9
7017,4
11761,9
8448,2
13223,9
2400,3
2178,12
16923,0
2443,6
16029,3
15068,16
4260,5
16358,0
2629,12
2419,13
16459,0
15201,9
13044,0
13621,3
11576,0
13275,0
1312,6
9148,9
17841,12
11173,0
5746,6
15119,3
13864,4
9482,11
2566,10
8067,5
4340,12
11288,13
16526,13
1504,3
425,0
7617,0
6466,0
5108,4
7094,16
5889,4
8815,14
3762,2
730,13
16659,5
15860,0
3593,0
4586,9
8394,3
2580,0
16088,18
14785,8
13317,3
2951,0
14364,2
1529,0
11664,11
14368,0
6366,3
16118,4
11733,1
4167,13
12730,18
2946,3
14548,10
15910,0
1561,2
11130,5
9571,5
5302,11
16629,18
1438,6
3383,2
14398,1
14407,4
939,6
540,14
1854,0
9335,18
11083,10
15078,3
17729,3
17671,0
13818,9
14353,5
15707,9
15310,12
13620,18
9003,2
6381,9
9075,13
7290,12
13832,11
4305,3
7432,10
1520,3
2554,1
6219,8
12778,3
3074,12
796,4
9127,3
6579,16
1671,14
8644,0
10857,3
7377,13
13161,0
13544,3
479,10
2805,8
10814,0
14757,3
9745,9
5806,8
11884,8
16647,4
8064,0
9886,18
12813,3
5851,6
615,0
4647,0
9840,9
10676,9
4074,3
4746,0
1948,3
8031,0
10151,5
4772,16
14877,0
11806,4
15042,6
10540,16
5789,2
16270,0
16971,0
11902,16
5175,3
12184,3
5901,0
8634,4
10202,3
16765,5
11676,3
7484,0
1478,9
15049,10
13798,13
10201,14
1451,0
14504,0
12563,13
9600,16
11110,5
6302,10
7170,0
6111,11
16869,0
2894,4
13172,16
3826,6
3280,1
3640,6
3194,10
14099,0
3585,11
6719,9
16933,12
17068,2
6238,1
2642,6
16524,5
3402,9
4783,10
10262,4
13888,9
8195,0
3417,8
4387,3
1799,2
15147,5
13496,0
6935,14
875,9
1528,18
17316,4
10714,0
2512,6
7873,9
12485,16
11952,0
6504,5
4565,11
11799,16
7169,0
11169,8
9826,16
5317,8
17642,14
9912,0
2378,18
15826,0
7373,3
16059,3
4693,9
16294,4
13933,6
4659,14
9593,0
511,6
13507,3
8372,8
11862,5
1072,16
17383,0
11192,3
2687,3
9835,12
13907,9
14735,9
12297,2
11546,3
14919,4
7876,4
14361,11
15191,0
5731,3
3201,0
16625,9
9499,10
15682,0
13082,6
799,13
7650,12
6567,13
11245,16
8387,5
4092,16
1223,6
13278,0
51,13
5758,12
7715,3
2350,12
10295,5
8583,16
15920,10
6194,5
1139,4
3042,5
674,5
3316,9
8690,2
5013,8
6001,3
1216,9
13803,16
17970,12
14606,8
9438,4
7043,5
6116,6
580,3
4194,10
6010,16
14575,3
12380,6
5787,6
862,9
3958,5
1682,11
11076,3
8480,16
13930,0
16074,10
2720,12
2015,9
17710,0
10917,3
1176,8
4872,11
4168,9
7175,3
16208,3
11370,16
787,9
14899,0
11137,12
1519,9
3942,0
5768,3
16384,6
7622,6
4956,3
11507,8
2674,18
15151,12
12444,0
6837,13
12205,3
3088,3
7942,0
4178,12
1329,3
17551,5
5202,10
14670,16
6458,3
2065,12
8924,1
14839,13
7619,0
2739,9
14538,11
12189,9
12668,3
1051,18
10073,18
934,3
8094,18
10633,5
17391,16
10787,6
5879,3
6187,4
5824,16
9911,3
15129,4
1377,9
1476,4
3562,9
10635,5
3563,9
15928,0
8939,10
16480,3
6322,3
12230,0
2468,4
16434,12
2786,16
81,9
4295,1
4320,3
14038,3
7931,0
15048,0
15399,16
1391,2
4827,6
8214,9
7585,16
1610,9
6025,13
2206,3
902,5
1616,3
10934,6
1546,6
1939,9
9237,0
14301,3
13310,6
4188,3
11026,0
12678,4
1888,18
12497,3
11188,0
12046,8
9605,12
4653,11
14384,4
8532,9
4830,8
5295,6
17821,3
2659,0
17398,9
11848,0
16922,18
11097,11
5191,9
5377,13
16578,13
3550,13
9250,11
11969,0
15522,3
3681,0
7940,3
2152,0
13806,3
4388,5
17244,13
18000,4
10753,0
5700,0
4784,9
8921,12
6143,10
5421,13
15555,11
11856,9
10385,3
15505,16
7734,4
11859,6
7386,5
16968,6
10973,5
654,0
813,8
4404,10
3281,0
14635,9
6400,0
10772,11
9568,11
10916,3
1222,0
45,5
10551,12
11543,2
1001,0
13728,10
9916,3
5780,16
6914,3
7642,10
3023,5
5666,5
9143,18
1622,11
12677,3
8790,5
4599,6
16703,3
6186,8
14476,3
2018,6
3983,5
7752,6
12742,0
10764,3
4491,13
16753,0
16838,11
16511,0
7023,9
15635,3
15453,0
7677,3
2897,5
17032,0
13520,18
15681,16
14063,16
6328,4
11516,12
8035,0
8984,10
442,5
8078,9
12973,3
14152,16
8328,5
1875,13
12503,5
16874,6
16252,5
12826,4
470,11
4588,11
9238,9
37,3
11449,12
592,0
11666,0
6319,9
4060,16
12443,0
12451,4
13721,3
734,18
574,3
12498,11
8782,0
5279,13
10744,14
2381,3
4990,13
11776,0
4501,16
12232,16
5652,11
9941,5
5164,6
11511,9
904,2
8946,3
11019,0
4991,9
13073,3
583,0
13992,3
17419,10
2290,2
10124,4
8599,10
4241,9
16423,2
16862,16
13780,11
13093,12
11253,12
242,1
10603,5
11425,0
5793,0
14276,5
13557,18
1636,6
12561,3
10735,0
4572,3
6213,18
1944,2
8647,3
7948,5
5999,10
1208,3
10521,9
15745,0
14292,12
7592,4
4380,3
3068,16
11209,0
12275,5
2837,5
14731,0
15919,14
12424,0
8809,3
643,0
7666,4
5941,0
15202,4
7111,12
8287,3
9720,0
5216,9
8645,18
9794,16
11509,0
2886,5
11120,9
7830,11
16617,3
5898,11
12300,0
10988,18
15805,9
13880,18
4297,0
3753,8
6091,6
10601,4
2300,3
13756,5
15401,5
14520,0
17934,3
5438,9
3477,0
7946,10
10588,3
929,3
14872,5
3760,3
782,16
3180,10
16325,9
13769,3
2337,12
8249,11
9985,12
16786,0
8216,11
6098,9
10580,8
11240,0
13409,10
300,5
7415,16
5237,5
7845,12
5706,4
16163,16
14260,4
1827,9
11476,0
4462,3
12792,0
5416,0
5965,16
11860,4
1315,11
11765,8
1394,6
13217,9
16535,9
5554,2
5842,16
5880,11
4535,9
9545,3
17752,5
10863,8
7649,9
10232,0
564,6
8243,6
14303,0
6950,0
16605,6
15140,4
3641,9
7178,9
9365,9
7550,6
11067,4
4431,0
14643,5
7452,6
2702,1
2640,8
17480,5
9056,13
4980,9
16891,3
6701,6
3222,4
13300,0
9963,8
3244,3
6591,5
9244,10
3544,6
2423,12
4893,0
7659,18
11751,0
5798,8
11450,9
10223,5
9711,4
5491,8
15153,0
10345,0
8474,0
4672,2
13007,13
8906,5
10533,3
15804,9
17207,0
14246,5
5498,3
8567,0
14490,0
11041,10
10378,3
15447,2
9834,9
10079,9
13297,4
12725,18
5471,18
12628,8
15481,0
5049,18
1652,16
5940,11
8868,14
10649,5
16738,11
16673,0
2058,5
10054,2
17233,4
16132,0
5867,6
620,0
5427,8
9475,18
3041,3
10510,5
11809,12
7148,16
16900,3
246,16
13949,5
4969,0
8403,5
107,10
6931,1
10323,0
6862,14
8565,11
16999,13
17309,0
17019,8
4921,1
9772,0
5442,3
5298,5
7747,13
10798,3
16556,0
10491,0
12834,10
4690,0
10509,12
12059,1
17469,11
8236,3
12319,5
4031,0
15043,0
3943,6
182,14
4527,11
12993,10
2893,3
10827,13
9453,10
4883,9
7579,8
11486,0
6069,0
10440,3
14712,11
13611,11
17154,11
7024,9
12689,0
17353,11
17753,6
13144,8
11616,6
29,14
17396,11
5809,5
16002,3
2858,16
16346,9
16782,9
2982,16
15297,0
7886,3
4751,0
3118,5
10572,10
14249,3
16674,13
1274,2
15470,9
4622,3
5656,12
12790,3
4126,16
6042,5
3301,3
4493,3
109,3
11014,3
15798,11
8358,0
5063,4
16475,16
6661,0
14654,5
8360,5
12883,0
9974,0
9364,4
16678,6
5955,0
11273,6
4474,0
5984,9
11422,3
12686,0
16570,3
16188,5
10220,8
13079,6
4427,0
11410,3
17956,1
10629,4
8581,5
16520,3
1185,13
5245,2
12584,16
15916,0
3187,2
1908,8
17175,4
10453,3
998,12
1102,14
4377,11
17701,16
3720,0
5983,5
4929,16
14591,12
7742,3
7519,8
15838,14
10062,4
9638,9
6061,4
13346,3
5649,12
10031,0
3150,9
11979,9
7332,5
7953,6
8969,12
4768,4
13614,5
15627,18
7607,11
2882,3
1064,13
16504,14
6450,16
10,0
2701,12
5979,4
15379,11
1458,0
15787,0
3327,3
15353,4
15583,3
4904,9
12804,0
12542,0
1244,6
15333,2
7409,4
15319,5
2439,5
2840,6
17049,0
11971,11
12434,0
331,6
1376,0
15000,0
4538,18
381,5
7758,12
932,2
6851,14
13190,0
5178,6
3463,5
507,6
5957,16
12137,1
10715,2
14522,9
16628,13
7729,0
16709,18
3534,3
5400,0
10129,3
3285,0
1273,3
4444,4
13477,8
1224,18
14869,6
5047,12
11637,14
1455,9
7655,13
8766,0
7656,4
261,11
16481,6
14678,5
293,0
6405,0
6702,16
9817,8
8990,16
11156,16
12482,3
16750,3
17762,3
10754,2
4566,14
11701,0
14346,2
13137,3
12133,18
1261,6
1311,3
7318,4
8819,0
10703,3
2729,12
12612,0
1138,8
14395,3
8266,10
15971,0
4299,18
14881,8
15621,5
5225,6
15159,11
5626,9
272,0
13630,5
14987,6
9435,0
17317,9
6239,4
16289,0
8639,16
410,2
5932,12
7965,9
6632,12
12149,4
3110,16
2089,0
10622,16
1411,6
7834,3
3755,0
15029,3
11746,3
10235,0
4848,6
16518,0
13248,9
17910,9
14995,9
9760,0
3859,3
638,6
8656,12
5910,16
670,0
3528,10
10567,14
17516,10
3537,0
8019,5
16103,10
10880,10
5426,3
7358,0
15308,5
10420,0
9750,4
5114,0
16035,0
6264,0
15334,3
2567,16
10116,9
14975,3
14205,13
9910,5
17020,6
5384,16
10710,0
12144,11
14078,2
16165,0
15307,12
3670,0
17657,9
17592,3
7166,9
2976,2
11656,5
1542,11
9811,3
16836,6
11148,9
10445,11
14252,13
16151,3
14955,11
1689,9
16290,0
4981,3
15283,3
751,0
5539,9
6894,1
11475,0
14179,0
16120,0
17087,9
346,8
11107,14
13141,6
1786,4
16568,4
3923,3
12547,0
5319,5
17824,16
2763,16
2807,4
6013,3
3452,3
16164,8
13863,16
16847,0
6509,6
11177,11
1581,12
17780,6
16914,4
3188,10
1183,4
12763,4
13156,2
6096,10
6333,3
14710,12
6023,3
12634,13
32,9
7324,8
13342,5
15171,18
6081,6
1368,3
7394,2
4094,0
16928,0
1009,5
14293,9
9848,3
6419,0
1649,12
964,4
17774,4
11242,8
4096,1
11628,8
14446,0
9854,5
14392,12
766,5
4157,16
16743,5
3332,5
5687,3
2935,4
14604,10
9796,9
4789,11
1782,0
12642,3
15003,3
2705,9
12512,6
8450,1
5752,18
9530,0
3064,3
1864,13
11311,0
7556,13
1362,1
15909,4
7283,4
982,8
2154,14
8838,9
15041,3
14218,6
7775,6
7644,6
17471,0
4779,6
17644,13
1701,0
17367,8
8071,0
9785,9
42,14
15472,9
2823,3
13833,18
673,0
15714,5
14096,9
17446,11
13379,3
13149,0
8991,5
13719,18
2243,9
3020,0
4727,5
2445,0
7449,11
7390,5
5589,12
16863,3
14907,2
8760,16
17007,9
14818,1
9328,6
1006,5
1437,0
13383,4
2679,18
11866,8
3210,3
17754,4
14545,2
2931,0
16725,6
15623,3
77,0
16341,6
11669,4
12141,3
14274,3
15601,2
6778,3
5041,9
17166,2
94,9
13304,5
13267,11
2785,9
7308,3
6919,12
4900,18
9012,11
2384,5
12891,16
7991,4
10218,3
1928,3
16696,6
5884,0
4402,0
8343,6
9052,6
17677,3
12995,11
14114,9
2814,3
17457,5
7996,0
14273,0
2513,6
13528,3
5492,16
5503,0
9993,8
15889,8
9836,6
8892,0
3688,3
2363,0
12748,4
2229,16
4559,16
1182,9
9956,8
338,3
14223,8
14550,9
14005,12
6646,16
3058,0
14166,14
13770,9
4472,16
13942,0
12213,3
2510,0
2904,0
7730,8
2235,5
9799,0
6795,18
14565,4
8315,5
13568,5
7737,16
6421,5
12508,18
6020,4
11810,9
17850,12
11772,11
10486,4
8739,5
7725,0
4120,16
12654,0
13734,14
5396,18
2368,1
4318,0
6873,0
2542,0
7756,8
7036,8
5332,0
3334,0
5371,0
2947,16
14178,16
810,10
3411,3
16401,3
9899,12
10935,18
9311,0
15661,16
6311,9
7839,9
13638,8
3441,2
16714,18
358,0
9179,0
8155,0
3413,4
14999,9
823,11
3597,10
10719,10
10438,0
5269,11
8585,0
10517,0
14463,0
14945,3
3153,0
10528,8
7854,14
6985,14
2811,2
6582,4
1655,13
7077,3
8824,2
11432,11
15166,8
5182,5
12061,5
8227,6
10421,4
16263,8
15812,14
2447,9
11523,5
9101,6
9102,0
11660,5
16264,3
3948,2
7046,5
9107,9
1743,0
11571,0
5747,4
9302,3
14103,3
4606,11
9352,9
3607,5
10978,9
7910,9
12054,18
15372,10
16168,4
2255,5
11414,14
10726,9
3195,5
9513,4
14315,13
11504,8
18007,0
6049,5
4399,0
11226,4
2151,0
13603,9
3096,0
12655,0
16456,5
4750,2
11418,0
13700,13
2413,0
13560,3
450,0
16482,0
15727,9
13279,6
854,9
14842,0
3126,3
7859,16
12786,5
1253,4
15828,0
2646,9
3309,3
6981,10
8173,6
13072,0
10574,18
12349,3
2745,0
17246,2
14062,4
13747,8
9608,3
13087,14
9999,12
14402,5
3258,16
10081,0
497,18
12906,3
10166,6
805,8
6721,2
10628,4
11697,3
3300,11
16748,11
896,3
10886,0
2091,9
105,16
10237,8
10680,4
1958,2
6624,9
5790,5
6856,8
3699,9
110,0
2182,0
12373,0
8811,2
15039,0
13939,9
9486,3
8887,0
3388,0
17380,10
4562,3
12173,6
14455,2
9879,9
12362,3
17793,3
4901,4
10557,3
12935,10
6243,0
16631,5
10990,0
9662,13
17126,16
7472,2
17545,16
1877,11
11572,3
11467,2
8774,6
14798,4
13843,3
17115,0
12700,10
3065,8
8369,9
14291,0
5488,11
11719,6
1340,3
3539,6
811,4
16930,11
9871,9
7885,18
3347,2
16815,9
2565,3
17384,16
11352,3
9934,0
18002,3
6344,4
13014,3
8842,3
5101,4
6331,10
12172,6
5355,0
17680,0
12739,0
12320,3
3364,12
16716,5
6973,2
8981,9
8140,6
5505,0
732,10
13111,9
4489,0
13564,8
6031,8
12225,0
5510,0
14087,9
565,0
11138,4
3303,10
15896,10
13017,0
13960,0
8654,3
16510,4
3326,3
5156,13
8604,0
2142,3
7137,18
7431,18
3738,11
17564,2
9072,3
4497,4
16225,0
9737,13
12178,6
15492,8
2994,13
9765,16
6722,0
17579,0
9564,12
4924,5
16117,9
10861,0
12260,9
16803,3
9908,3
11412,13
56,10
3476,13
2913,16
409,0
3047,0
6731,5
15725,9
10795,5
15640,11
6679,10
7397,13
13793,5
5892,8
13610,3
17147,0
13952,9
7372,16
14454,3
531,2
1796,3
4591,3
13561,3
10965,2
5361,16
1095,2
8498,9
8579,12
11366,10
6737,14
13585,14
683,5
17911,4
737,9
13083,3
1740,3
1920,9
11234,5
7459,6
15199,0
6928,6
16624,4
7202,0
7277,0
17746,3
15428,0
6994,0
8320,10
10755,0
14758,2
8279,9
6717,8
13035,16
92,10
2630,2
13962,0
8543,9
11032,0
14648,0
17432,11
15224,0
3967,12
13761,16
1381,1
13136,10
12674,18
3846,5
14444,0
14784,4
12894,11
4123,0
13696,3
16331,16
17715,0
2817,5
3648,6
7242,0
6492,4
13868,0
12342,0
5157,3
3669,9
10230,5
7084,0
7902,5
9425,13
15293,9
6128,0
9246,0
3016,9
12510,0
14233,4
7663,14
1129,9
11855,11
10435,5
13178,3
13480,16
1596,9
2538,18
15267,0
17712,9
3588,12
4627,8
11427,0
3464,8
12085,10
17755,5
8854,16
12403,0
2318,8
2420,9
9088,13
9739,3
297,8
2928,4
10329,12
10244,18
17239,2
16966,0
4970,11
13562,8
17257,0
14365,2
4499,6
12219,9
365,3
706,0
4669,5
859,9
7149,16
14409,3
8992,2
9419,3
1767,12
17213,0
14141,0
2408,14
13866,12
16089,0
10299,5
9176,0
4301,12
13515,16
12916,0
7521,3
8251,3
7103,0
6280,18
6586,4
3123,0
912,3
991,2
16566,5
2006,9
11917,5
14066,1
17650,0
16620,13
10193,9
2892,3
7351,12
12718,16
12702,13
2313,11
3839,14
9878,6
10447,3
133,3
15257,0
6969,5
402,3
6683,4
10333,13
3999,0
9807,4
8560,4
4109,16
17495,14
10304,4
8336,6
228,0
15996,11
17448,6
6905,16
4698,11
15508,5
12289,4
8757,9
10771,6
12450,9
14373,14
14917,0
5103,4
10932,18
3467,14
3580,5
3953,3
6883,9
11159,9
2968,5
4339,3
8221,16
2469,9
17581,2
5362,3
11296,0
13393,0
3614,3
10382,3
11999,8
14728,18
15131,6
17461,9
14871,18
15923,12
14726,3
16500,4
5603,5
8197,0
831,2
14342,4
2704,0
9598,5
17948,0
3252,0
3687,2
3717,0
13840,9
10319,18
13000,3
4144,13
8446,0
16516,4
15212,2
3434,18
17512,9
13239,8
12073,3
12070,6
14521,3
13266,13
9692,6
12833,3
8051,5
1777,0
1606,11
472,8
764,12
8574,2
12752,16
4066,13
16130,1
10587,8
16368,5
15646,3
12340,5
5596,9
15811,1
12727,12
4414,0
9393,0
17159,16
5209,9
7311,16
8751,8
12404,3
5309,3
13240,0
16949,18
16610,6
13975,13
2962,3
12982,14
5636,8
9723,6
801,6
7563,4
12381,5
12633,3
6653,0
3495,1
17537,9
13809,2
15874,9
4813,9
1502,8
16785,6
15409,0
12592,16
13100,3
8584,3
377,2
16811,9
11911,3
64,0
4287,0
9066,5
12097,9
1762,5
12465,0
5422,2
4133,10
7419,6
1867,16
15723,4
15382,0
12203,14
3294,12
12417,6
1961,6
10666,3
1607,11
1874,16
8701,0
1271,18
17808,18
9359,0
9029,0
4743,3
9576,5
11686,0
17771,11
8501,13
17334,16
13590,11
4950,4
7633,4
16451,4
10035,5
1251,3
1819,11
12065,9
11642,6
9887,0
16210,4
16404,9
8866,18
15396,0
6521,9
13604,5
769,0
7410,9
5344,9
1290,9
7310,3
1931,0
9070,12
731,2
17265,6
14768,9
13634,11
8085,14
4898,0
3393,3
3356,2
11046,18
9733,11
3915,2
5653,2
12008,10
8452,12
9700,3
1836,0
13619,3
6028,4
5119,3
1699,13
215,5
13355,5
9863,18
4500,13
17539,16
5289,5
8688,2
2210,2
3172,10
814,9
236,5
11084,0
10039,0
212,0
17541,3
12374,4
4581,8
9228,0
2459,9
6723,9
12469,10
856,3
8224,10
10026,13
6146,4
1249,13
9270,0
6677,0
1419,0
2044,0
5714,16
4666,16
2574,16
11796,3
7398,9
16940,0
3140,16
7603,9
14427,0
4871,14
10748,3
4461,5
17027,9
10717,5
15303,0
7786,0
8217,0
6576,12
12430,9
2209,12
8975,13
17868,3
3872,4
11919,3
15884,9
11763,0
17669,10
13324,0
7781,13
11846,0
13844,6
1418,9
15225,0
16525,12
17834,5
10683,2
16554,0
3157,5
10117,9
3348,3
16808,9
7994,0
1344,4
9937,6
8580,1
10922,5
14711,11
5167,3
15739,3
12745,0
11534,16
2315,2
11653,11
17206,6
12948,0
8762,3
13705,3
15585,16
12723,11
12399,9
10513,4
17586,16
10041,10
1579,0
13497,9
4692,5
14773,0
8594,0
7248,11
5640,0
4548,6
14751,4
9578,8
11136,10
12880,6
6235,2
8726,0
3840,5
1135,8
4742,12
12959,0
16205,4
15653,0
15337,4
7232,16
13388,0
1778,13
13460,1
13554,9
576,5
16686,8
3409,11
8471,0
17946,3
10448,0
58,5
11379,0
10711,8
8564,11
4255,13
10704,0
12446,3
15059,8
1690,0
4723,0
2561,13
963,10
404,3
17855,11
13876,3
3940,11
17605,6
2967,1
12709,0
6104,3
17177,6
4496,3
14934,0
13375,9
13107,12
17094,0
4020,3
17966,3
14574,0
2116,11
5933,6
10682,14
3578,9
15021,11
8113,2
14171,3
7625,0
15282,18
10963,3
788,5
16209,2
3851,12
14017,11
17043,3
2918,3
1250,11
4955,9
9556,6
14001,16
5016,3
4617,11
1713,4
11537,10
4128,4
7088,3
14470,0
11612,0
12821,5
14511,5
16865,10
11082,0
9560,13
4396,16
13241,0
7527,4
5621,3
881,5
10358,0
4520,8
9211,9
16885,8
612,9
15058,8
7945,8
1994,8
12331,13
12079,4
13345,9
7079,9
7977,0
2564,6
16660,9
5662,12
17896,2
8007,18
14544,0
4788,8
2277,0
16960,9
8105,5
1204,4
11562,3
16424,5
10242,0
16342,18
12947,0
11791,9
12915,16
4319,6
5523,10
7590,0
3465,18
7635,0
12939,0
1588,5
1035,6
11851,4
17689,0
5190,8
666,4
14850,0
5069,2
14806,9
14013,9
10413,6
8907,18
8321,0
10685,16
6993,12
14647,5
7163,9
14634,5
8864,11
214,0
14870,3
6463,3
1823,3
3609,11
1470,12
2926,3
2480,3
6960,3
4882,3
12885,9
12027,4
6600,3
12109,6
14998,9
11586,4
10563,14
12,0
14598,13
840,3
14337,3
8337,8
463,0
17761,0
3521,12
15346,13
16850,0
10281,3
14451,9
965,8
2794,3
10292,12
15675,0
9698,8
12436,3
17628,6
4145,13
1432,0
7835,2
8376,5
15683,8
6483,2
5907,13
3744,5
15187,8
11556,10
10974,18
12543,16
14652,9
5284,12
18022,10
1134,12
14924,16
3291,9
10257,5
12272,3
10636,6
13039,8
5946,8
4405,4
14297,2
17940,6
2606,18
2740,4
1066,0
1601,10
15473,11
570,12
3133,4
4556,8
7672,8
10123,0
15876,5
11739,13
1448,5
17215,16
14864,9
4686,3
15719,3
7542,9
17361,16
14228,3
14309,0
9135,3
12190,16
16681,0
10406,0
12840,9
11023,11
9196,6
15423,6
28,4
364,2
14431,6
13783,3
14106,6
16006,4
8686,13
5749,16
6999,3
11679,0
15598,3
3742,0
4302,14
989,16
6877,4
121,16
6922,3
4306,6
5683,0
337,3
4798,5
3343,8
2416,6
5624,3
2597,9
17998,0
13273,9
2222,12
4989,8
5248,9
1238,0
10285,8
14596,11
11351,9
3185,6
15671,13
10269,4
3835,14
13989,9
14713,0
617,0
13713,4
4635,18
968,4
15938,13
10472,0
11774,2
12239,9
1599,0
15112,16
6329,4
10417,10
4626,3
1824,4
11257,16
1121,16
5646,16
14820,9
11431,0
16169,18
696,12
14483,5
1424,9
773,13
3804,12
3036,9
6822,9
3277,6
11580,6
1811,10
17241,16
13754,12
3084,6
5500,10
8003,6
7009,13
5287,3
4704,6
14340,1
12904,16
8884,4
16131,0
10931,5
8297,5
8117,11
4342,8
10913,3
6955,6
8264,10
721,0
6284,3
10660,5
8311,9
7004,6
4504,8
6995,8
7122,18
4959,0
4456,0
12393,3
2986,0
10461,12
14295,9
14723,0
16010,8
4429,11
11276,5
3764,0
2056,0
14633,3
11731,0
5783,0
9747,9
12912,12
2191,0
8954,5
2759,13
12710,6
12555,0
15398,3
832,3
5415,0
10742,13
319,6
2117,9
14700,6
14321,3
7879,8
908,16
1832,11
10811,0
3518,12
9044,3
3966,5
15913,0
11437,9
9628,9
8405,3
17163,0
8162,0
9706,0
12635,0
17838,6
15603,0
8073,2
1501,10
480,0
2776,3
5518,0
9969,8
16593,6
11464,13
6152,6
2799,4
4654,4
9622,4
9738,3
13744,3
17077,3
4761,0
7599,0
9427,0
17022,8
16799,13
16324,2
6499,9
10979,3
14674,13
3946,4
1101,3
9489,16
4007,18
16645,5
13923,0
7278,0
4284,3
6841,3
2193,11
8672,0
10211,0
75,13
12529,13
7481,10
10171,11
12347,5
9905,4
14105,9
17985,5
11505,3
16069,2
2560,3
7420,0
9424,3
13377,11
4141,18
13221,0
15482,4
3207,12
11122,3
11566,0
15609,6
8074,9
15266,9
15633,12
554,0
4313,0
5609,3
14241,18
12328,6
775,18
14939,0
2595,9
6184,8
11363,13
5316,3
11286,3
12738,2
240,13
4349,9
5986,0
6784,0
101,6
10728,2
14092,0
12445,16
9768,3
5460,1
4855,4
7646,0
14619,5
8959,18
12402,16
1339,18
1620,8
16011,0
2477,9
1070,9
15123,10
5104,4
16300,10
1521,10
7777,5
5906,3
5593,9
13718,2
636,0
3868,0
10303,0
1639,12
13370,16
13636,16
1793,6
15869,0
2084,6
2127,4
8114,0
11678,8
561,16
6315,10
14010,12
16489,3
14696,4
5242,12
14573,4
9036,4
16284,0
6125,4
7306,0
178,0
17618,9
2252,0
15305,14
3856,3
13708,5
9500,3
17614,9
14264,6
2488,13
9884,3
1353,11
1642,0
8164,6
4138,13
1325,5
2043,11
13839,6
2107,0
1543,8
16239,9
1597,4
11581,9
5681,0
13963,13
9875,13
5716,6
12053,6
5433,11
17708,10
4217,18
15280,12
3615,0
6127,3
7040,5
6848,6
1264,9
12153,6
17059,6
2296,11
9397,3
15218,0
10891,0
17332,10
15450,0
12640,0
11158,6
16223,9
972,3
15170,11
10631,6
3030,11
14071,4
3955,3
17691,0
15072,9
10320,9
6825,0
10359,8
14667,8
7268,11
6169,9
1883,3
1602,4
3740,5
4390,0
4786,0
3384,3
5288,2
4550,9
4862,12
6700,0
13112,13
4797,11
870,3
10254,4
860,5
8905,12
7675,9
7905,3
4682,5
5896,3
17476,9
621,14
7364,3
2357,2
16483,18
2025,3
8550,10
8841,3
5837,3
2880,6
4636,4
5434,9
4534,5
15318,9
3818,6
16974,0
8151,0
15956,9
15176,0
9258,0
536,16
13669,0
9318,16
8610,0
16490,4
16441,0
12019,4
123,8
4445,0
12012,13
2348,2
16017,6
14669,5
5931,16
9377,11
17195,3
14616,4
9050,0
3117,0
3633,3
48,2
512,5
3247,5
10899,9
232,9
11553,5
2881,9
8937,2
16760,8
3069,9
4383,14
1100,6
11689,14
10701,11
7797,0
7348,3
3004,0
10046,6
14584,12
8802,16
4514,0
11693,6
4237,4
17652,16
15034,0
7012,13
14627,1
5420,16
15830,3
12519,16
2465,0
14412,6
14060,5
11792,9
14287,3
1043,8
10508,0
8702,0
7888,11
1971,3
16831,3
359,3
13602,5
226,16
6141,4
17470,0
17436,0
9358,2
13872,0
2551,12
15845,0
579,12
15515,8
12888,16
11837,4
3449,16
4004,2
8108,0
2761,0
2846,3
3510,6
11960,13
3601,18
12558,1
17866,0
16227,0
7668,18
843,6
16666,12
8434,16
8429,11
15105,16
17399,16
9200,4
7789,0
11816,0
13338,8
2890,3
7549,16
11703,4
17227,0
8395,13
13263,16
10088,10
7914,5
17340,2
4171,9
2743,18
1218,0
9467,10
4936,4
5306,6
4062,5
8210,4
5782,5
12544,5
12907,5
13808,9
17229,2
11443,13
3950,0
12867,6
11518,4
12535,0
5027,0
17347,13
17318,6
7891,13
5333,11
4016,6
2208,3
2944,5
17939,4
14104,6
15228,5
9980,3
5772,9
175,5
657,3
10278,0
11621,5
16833,3
10337,3
5160,0
14866,0
14045,5
7578,3
12405,0
17386,13
9091,0
17188,3
14091,0
9203,0
2536,0
9504,14
13688,8
13580,0
8413,3
13663,4
14380,4
2067,2
1915,0
363,16
5458,3
12202,0
1191,8
17394,9
16920,5
3459,6
12082,5
3189,0
9882,0
13617,0
14614,11
9567,0
17084,0
4433,4
12921,8
10687,5
3654,8
17139,13
333,6
8038,2
5267,9
5754,1
6871,4
15071,0
3271,0
16135,18
12986,2
4841,0
9049,9
2425,0
14391,18
8171,0
11289,5
6785,4
16639,8
8329,5
15779,5
4502,6
1127,0
10480,4
8773,0
8211,2
3312,12
3623,3
729,4
119,9
4683,3
2086,2
7562,0
6242,12
10063,9
325,2
5413,5
14019,5
6732,5
17105,0
5098,5
6648,8
9759,18
4351,0
5850,9
16440,3
5571,13
5927,0
11470,0
88,5
7774,11
4239,3
3446,4
412,12
5002,16
9548,3
13757,16
6498,2
2285,9
15387,14
13916,0
12776,9
6429,6
9399,3
5619,9
2482,13
4777,18
13166,16
9655,2
15568,0
6988,3
12579,0
6781,16
1457,12
5122,4
5379,4
17856,0
1538,5
9988,0
16768,16
697,18
6800,1
5962,0
7331,8
11011,5
5148,0
1893,14
6647,12
1096,0
10501,0
6912,10
16266,6
3456,9
1125,5
17678,11
15134,9
428,5
15517,10
5930,12
11541,4
15578,6
11910,0
17845,18
8559,0
10790,3
14300,13
4984,3
8885,10
9145,3
743,0
5272,13
1903,0
16602,0
1728,9
8659,10
17218,6
2035,16
12663,6
12873,5
17232,13
11079,16
6229,0
3523,4
6692,4
17009,5
14701,8
9478,9
11434,0
15358,8
9123,0
5594,16
11340,9
13934,9
16303,8
8609,3
15547,3
9412,16
15608,13
14258,6
3692,3
15495,3
17146,0
8860,16
15381,9
871,3
2293,13
5722,0
16181,0
17112,5
13847,6
8269,5
5401,0
4125,0
10610,9
15962,0
4150,9
1023,0
4411,3
9552,16
566,16
15710,3
4452,10
3561,0
12217,14
10191,0
16668,2
1439,10
16446,6
17870,16
12471,4
713,16
5106,0
3507,16
9353,2
4251,18
4300,0
8439,0
15007,9
12358,8
266,0
17411,3
5599,3
12719,5
4089,6
3693,10
11916,4
455,18
6880,0
5206,18
3621,9
7480,16
3431,3
12930,16
2577,9
12934,10
14779,10
1196,12
4220,9
8040,9
8432,16
3211,12
903,0
6875,12
13736,3
7716,11
17645,6
1500,0
8306,3
14265,10
6662,3
462,6
4213,8
3101,2
4226,5
13009,0
10763,13
15104,14
596,11
6696,3
7610,9
15345,9
13135,5
15371,4
4233,6
6469,11
11201,5
15900,11
411,10
4509,3
3119,4
7197,14
167,12
13057,0
3381,5
8012,3
18024,3
6983,5
1890,4
15417,12
1366,8
8944,2
16979,0
13402,3
9118,3
16839,8
7133,16
726,3
3555,11
4658,3
17882,9
7851,3
7191,0
5684,4
3213,0
6743,0
4873,8
4095,16
11538,5
9446,11
13025,0
13516,12
9297,0
13382,12
2475,0
249,5
3884,5
15945,5
9268,16
2307,3
857,3
8788,11
1201,0
16369,9
6561,3
13464,3
11252,5
12473,18
5387,4
8248,5
13077,18
253,5
10325,5
8101,0
17851,5
7474,9
2849,0
13272,10
7941,10
16684,0
3471,0
8789,12
11444,9
7565,0
9137,16
2040,0
13738,16
12598,16
5735,9
4075,9
13360,9
4842,10
17155,0
12796,9
4273,11
9823,18
3748,1
3081,0
4389,12
7591,14
10566,1
4057,4
9385,3
16241,1
2622,3
13973,5
4355,4
3733,2
8572,5
17944,3
2493,18
6951,5
15879,4
6645,12
14981,12
9133,8
3234,16
1252,3
558,5
1233,16
10697,2
8777,2
9437,3
7381,3
2691,5
8926,3
17390,13
16274,4
15983,8
16888,5
900,5
8547,11
99,18
4459,6
15456,0
3979,0
7833,11
11089,4
6621,4
16802,9
8607,5
17665,0
8225,13
7100,16
6604,0
4799,16
11313,16
14659,12
16171,0
2736,0
11282,11
2559,0
10595,8
14400,0
4393,2
12263,6
11044,3
5454,6
6765,11
6083,16
9621,9
3801,5
14873,16
7933,0
16698,0
1919,9
11648,9
5360,2
8606,9
5255,9
16139,2
14033,16
781,2
5583,14
672,3
5923,11
5386,9
2950,13
5742,18
9800,0
3106,0
8682,9
13238,3
14161,11
7457,0
6273,3
11265,3
6133,1
5187,0
16948,1
12388,9
1158,5
3726,2
13800,2
16530,0
2717,2
17292,16
5477,0
10206,4
9740,18
5635,9
4,0
14306,3
16583,0
10531,5
12120,0
2938,4
5950,0
3445,5
9680,0
11445,3
5051,0
13881,11
5829,12
13690,3
967,5
3297,0
3319,16
14772,3
14445,0
8527,0
8791,0
11858,14
313,8
1603,0
6855,0
2179,0
11497,4
16946,4
11241,5
11264,8
16000,6
14897,3
7535,9
2322,0
7209,12
11998,6
17023,8
2677,0
12514,5
8696,4
17287,2
234,0
8530,0
17355,5
758,3
2895,4
16296,0
8370,3
11948,9
17235,9
12650,9
5811,2
16448,8
9699,12
6046,0
10383,5
6620,6
777,2
10705,16
17499,3
8270,8
9167,6
14771,5
6316,5
12411,9
69,0
5465,8
8234,1
5788,13
17315,0
15686,0
1721,11
13885,11
15596,2
9849,6
6072,9
2657,2
8015,9
11485,10
15158,3
11725,2
8833,0
17434,0
2329,13
3799,3
9223,16
12576,13
9116,18
17523,9
16460,12
13707,14
6746,3
11001,4
5222,0
13629,6
1583,12
760,10
14969,13
14420,8
7120,6
6923,6
3583,3
16513,10
795,0
888,4
8683,12
5296,18
16545,11
659,0
14034,5
12798,0
3265,10
7427,11
5300,12
9235,0
17654,6
16140,0
7057,16
3910,13
17142,4
15604,2
14473,9
6792,13
13640,3
16927,0
3373,5
372,0
3790,11
7814,2
4814,0
15312,11
3000,2
481,16
1681,11
17342,16
15781,10
11843,16
1200,5
12211,0
6196,8
9790,3
16767,13
11908,0
3428,8
15582,9
10817,6
1442,18
13088,1
6793,9
8798,4
837,0
6625,0
7461,5
2175,5
1839,1
7872,12
4660,5
5286,4
8319,0
3184,9
5463,3
4353,6
535,5
3151,2
12409,0
18013,0
12488,11
5351,9
15867,13
1570,0
13586,6
2888,9
8425,16
9915,5
7632,6
16560,3
14909,2
16909,14
1330,0
6391,3
5601,6
11982,12
15004,9
9476,6
15659,0
1513,9
1640,5
10347,4
5186,6
7204,10
12000,10
11324,4
3728,13
14679,6
8912,8
4916,11
9538,11
5786,8
406,16
15174,9
2557,0
14608,0
11941,9
3072,9
13302,4
744,9
305,0
16429,5
11747,12
7468,12
10621,6
4261,16
2767,9
12015,13
17124,6
14615,9
4667,9
17210,0
7509,10
14646,5
2562,2
7576,6
17901,5
9527,6
7101,0
1241,16
7192,0
10640,3
16052,16
9441,10
14222,3
11233,9
14026,1
5526,8
12262,9
14263,8
9025,9
7354,10
6105,3
9001,0
3836,0
4350,4
17744,5
10845,3
808,13
13442,0
11598,3
13431,5
8000,14
16997,13
13369,9
2965,14
4712,3
1022,4
14967,1
156,16
7385,9
6367,9
13760,5
8205,0
17622,5
5625,9
13408,2
7648,4
9098,12
159,6
12815,16
3147,2
13565,13
1590,18
11413,0
12637,4
506,6
2367,16
935,3
16243,0
8942,3
153,3
16218,5
13616,3
13406,5
1779,0
3063,3
9491,0
12169,2
7097,11
17153,1
2941,6
3787,9
7264,5
13418,8
10433,3
911,0
5572,3
3263,8
15146,9
10674,0
4914,0
4792,8
352,4
4212,4
14077,16
3250,18
4607,0
2267,9
2165,0
6990,0
13518,5
12569,3
11594,0
12900,3
10450,4
7508,18
15937,5
4822,4
16476,3
1498,2
4678,11
16896,0
3632,0
5951,5
288,4
17404,11
6289,11
13392,2
9082,0
4227,3
17739,3
11695,0
10515,0
7518,3
11115,18
17418,12
9030,5
15911,5
3223,5
2684,2
17475,6
16656,16
16499,6
15526,6
1232,5
6535,0
13219,0
634,0
10313,4
3176,16
15825,11
15149,5
7624,0
12112,16
2782,3
15519,3
17412,8
10520,3
16110,14
12853,5
1389,5
12435,6
7944,0
9172,0
15076,3
7922,8
1628,0
17781,12
3202,11
5436,5
15304,9
13182,11
562,2
7255,5
15117,3
7072,5
26,10
1093,0
3989,0
6729,0
5631,9
6805,0
5497,11
11239,8
8231,3
9597,4
12487,0
17574,18
447,11
11684,9
17245,12
5367,13
1904,0
14803,0
8473,10
9405,9
16493,6
2760,8
16533,6
8680,12
5423,16
16744,8
7093,0
15037,0
6077,0
11517,16
11857,9
4084,12
3526,0
548,2
14699,8
602,4
13834,3
11327,3
13911,9
15295,0
8847,4
9931,6
14914,3
9267,8
11135,3
6589,0
10344,4
15320,3
17441,0
1959,12
17083,9
9885,9
8257,10
8232,0
1953,13
11520,0
11319,2
1160,0
12683,18
17300,4
1348,3
4448,9
8470,18
14947,5
11251,3
7464,16
6191,9
12394,0
2655,2
6693,6
14442,6
2217,3
3672,8
6552,16
11017,9
8145,10
9321,3
3837,16
5172,6
8430,6
9786,8
4718,0
11389,4
243,6
11461,0
10961,3
7746,12
12475,0
1910,0
15729,18
17955,9
11372,6
2572,13
14965,0
1863,6
2456,14
8399,2
6763,8
5283,16
13508,5
4650,11
8091,9
16098,12
6511,9
2162,3
10245,0
3848,0
16822,11
5055,16
2866,0
509,13
941,16
13028,0
8781,5
4362,5
13253,8
13479,0
231,14
11397,11
15803,0
2796,9
9452,16
12352,0
6112,11
5826,6
13378,5
5688,10
16486,9
16604,5
11332,2
1155,0
12601,4
14880,0
10604,9
13541,12
10500,13
1747,10
7593,14
3215,16
10568,4
12314,0
13910,1
524,3
6357,0
7241,2
10773,2
10014,0
12291,16
10696,3
17818,3
11291,9
2775,9
7588,12
8041,5
7652,18
14906,0
8192,3
11446,14
11878,18
12212,13
15106,0
13122,3
13285,9
13461,16
14157,13
9231,9
12976,2
6165,11
15196,0
15886,8
2603,9
17041,11
7583,1
16892,6
6896,0
12615,10
2735,5
6573,0
15020,10
1071,0
2698,12
4516,13
4569,3
2105,2
4732,11
9291,0
3844,0
16812,3
5701,0
17135,11
10950,4
9479,0
7404,1
12284,1
17606,10
4250,13
15716,8
9396,9
16297,0
15168,9
12979,0
10339,11
17123,6
8705,1
15586,11
1008,0
13417,8
5581,11
15326,18
4887,0
12518,13
3729,0
17338,0
10692,3
7083,4
4744,5
6536,5
13860,0
3212,4
12210,0
16155,10
4903,13
9445,0
6080,9
2999,0
1372,18
1423,9
15908,8
7580,0
12925,3
8968,0
14203,13
14356,16
11726,9
6258,18
9964,3
1444,12
2301,11
14449,5
15890,6
6232,3
2256,0
5708,4
11025,16
9051,3
6115,4
5516,0
5032,0
3691,8
3220,2
4345,13
9337,3
473,8
1795,9
17098,0
13152,2
6500,11
3899,5
387,0
13004,2
1367,3
17764,3
2770,6
12490,0
14744,3
13376,3
17170,3
12610,0
10197,11
6442,3
11976,6
12731,9
1937,3
9583,9
4748,16
12594,2
7915,1
7227,6
6338,0
13991,16
9565,3
13036,11
13233,4
7173,9
13471,12
14996,11
11285,11
14774,3
12596,10
13440,3
14541,0
4064,8
6819,3
15580,8
1056,9
9343,5
2264,14
9674,5
15116,2
17335,0
10141,12
3862,16
14262,2
13650,14
4406,11
16719,6
8458,13
17583,0
15215,6
7831,1
5840,3
2977,8
5691,16
15672,2
6446,4
1552,14
17559,0
2417,0
16442,1
2308,6
4561,8
4317,4
16623,13
16416,4
916,11
1524,3
15669,18
10236,3
12552,9
8678,11
9591,0
2993,9
17326,3
1156,0
752,9
3146,0
7436,4
4673,12
2852,16
9154,6
7745,0
820,3
6349,3
755,0
11290,0
2288,0
181,0
1202,9
16026,16
10217,3
10020,5
812,4
15692,18
15052,3
201,9
13321,9
7819,13
563,5
3403,0
11964,0
11930,3
7608,0
16396,0
11304,3
10712,5
14410,6
16122,9
7676,16
66,0
4800,4
5311,18
15650,16
5128,18
13222,8
2625,9
13323,10
14029,13
640,6
16166,5
6339,4
809,5
3396,5
17706,16
6119,12
15108,5
8492,18
16915,3
12164,0
13714,0
14070,9
12842,6
527,0
489,2
4558,0
10165,11
11050,10
16024,6
16013,9
7033,8
12658,16
1059,11
16288,0
2652,4
1551,6
6306,12
17111,18
7376,0
5864,9
13202,4
16776,4
8391,11
8698,0
5623,0
1495,9
8063,16
1914,11
15940,0
7347,10
10048,6
13094,2
7491,16
4708,3
12287,11
4909,3
223,11
10147,3
16280,4
15902,3
2524,8
4326,5
14928,0
17293,0
11153,11
16398,6
6612,2
12234,13
10294,16
14170,0
12631,4
5756,5
17237,6
14097,6
8202,0
17325,5
2939,3
1718,0
11599,6
6171,0
924,16
14908,3
7301,10
2342,5
11458,4
8649,9
9901,0
12377,13
13695,16
16468,11
14440,0
6900,3
15458,12
7396,12
2633,16
8115,16
2200,0
14494,9
9748,16
17907,3
10793,13
12707,4
12139,6
5352,9
700,0
4615,3
3221,8
14183,5
3048,12
4999,3
1925,0
11280,3
1983,5
3359,0
3600,9
6085,0
3796,0
501,9
5816,5
1209,3
1407,5
5109,12
644,3
4847,0
10506,4
13455,13
14940,3
16763,13
14299,10
4256,16
14762,9
11419,12
16095,0
2945,9
9046,3
4624,12
17510,6
6798,5
6577,18
9391,4
1398,14
2693,12
1220,0
5707,0
17176,2
5839,9
7342,13
5394,18
13472,3
17763,9
2998,6
13319,3
16832,9
9060,5
10367,8
6090,8
4619,4
13158,12
10260,2
7813,3
7751,0
15674,0
12795,3
14630,2
10678,0
15553,0
11396,10
17794,0
6808,16
5527,5
14421,4
5364,2
13740,4
3575,12
1826,0
7253,8
505,11
11800,4
10240,0
11416,14
11266,3
2082,16
4114,5
9463,8
2955,14
8721,9
9219,3
12733,3
12785,4
13730,9
11593,18
2707,0
13432,8
9921,6
11577,3
8675,16
2074,11
5184,9
835,0
7374,9
15363,0
16543,5
6398,9
4283,8
1105,9
2270,4
15246,4
17274,11
11109,8
15242,18
11535,16
9539,0
3323,18
5755,5
9830,0
3932,13
2996,16
14656,6
7217,0
3988,10
9897,11
15922,6
16820,0
310,0
4129,9
17609,13
3061,3
17636,6
10028,0
1260,0
9894,18
2359,5
9831,5
15365,0
13361,9
16692,2
4400,8
16283,3
9208,0
2106,9
6595,2
17967,13
7643,6
16494,0
3970,8
17828,9
3634,3
5552,6
8172,8
571,5
10099,2
15474,8
4348,5
8693,16
16590,0
4160,0
6790,16
12648,9
15897,12
605,16
3429,6
2724,13
5617,5
17986,8
8374,6
2441,9
5608,0
10289,8
2214,18
947,0
8285,5
12119,0
9260,16
17515,5
14682,13
16314,16
5779,5
2830,0
7764,3
6684,0
12125,0
9324,11
8616,0
10037,4
12537,12
17488,4
9815,6
5909,0
6093,6
5993,4
9971,6
12261,0
16051,2
14883,0
2225,0
17328,18
1506,16
6215,6
14790,13
9261,9
11889,3
9585,8
15188,0
431,5
10157,3
10091,0
9533,3
2352,3
16707,16
174,5
4027,6
5711,3
5922,6
8622,2
1766,11
9110,9
16772,12
9944,3
10168,16
9213,13
17477,4
11813,9
927,13
3558,5
8504,3
12647,0
7943,6
9927,6
7538,13
16336,9
2124,8
8076,16
17307,8
8081,3
15806,12
9498,5
12799,2
13883,2
10121,13
7349,11
4765,6
6658,0
5305,4
2700,10
10268,11
14941,2
10829,14
14277,0
12830,3
14780,3
13749,18
6485,9
15102,13
2199,8
14248,3
7512,9
1332,16
7984,18
3782,0
8262,9
14269,0
16220,0
3689,6
4600,3
11513,3
7496,0
8915,0
10977,3
1468,0
519,9
5373,12
10256,3
5769,4
5501,5
6041,16
9120,0
2385,9
12817,9
4466,0
15205,3
10512,10
7825,0
15036,14
14754,9
8858,0
661,11
12461,3
1577,8
9300,14
1240,10
14385,0
2613,9
9033,13
6218,4
5721,4
399,3
1497,3
1221,5
10259,9
3657,2
12603,6
6480,16
8862,3
15912,0
6847,5
518,18
11068,5
14458,10
17863,10
12080,6
17683,9
1815,6
13291,4
277,8
15967,18
9164,4
3685,1
2427,18
11235,14
7144,3
9449,5
943,0
4720,16
8665,3
767,3
7852,0
3636,4
9157,3
10875,0
15350,11
10972,9
8720,3
6572,9
5704,5
15641,9
10559,0
14319,3
14042,10
8735,3
13771,16
9670,6
1955,0
11958,16
616,5
3963,10
5642,9
1693,5
8256,3
1936,4
14811,3
17493,13
6627,6
4441,5
267,10
384,3
2009,9
4028,3
1499,9
5802,4
1272,14
17006,12
15752,13
11876,2
966,0
13467,0
9851,8
3410,10
2711,2
11259,2
11117,0
17844,2
12706,16
5424,10
12735,3
6703,6
2856,6
4384,9
14457,9
15035,0
7383,4
303,16
9421,4
15966,0
3893,2
13326,4
8126,0
2079,18
4112,13
10656,9
12737,3
10360,3
14021,9
10492,5
1533,3
3577,3
17962,0
9011,5
8521,9
6958,13
7267,0
14377,4
11940,3
4159,8
245,11
16634,9
1684,4
7513,10
12279,10
5699,5
11161,18
14658,0
13366,9
5329,14
2120,0
4179,0
7636,0
9221,9
6079,9
16353,5
15441,0
10498,3
4038,12
13514,11
17854,6
17498,5
6882,5
12926,0
11841,11
16271,6
4152,18
7900,5
8999,14
9647,0
2834,4
4688,0
5025,3
2028,5
3931,9
7920,4
9914,5
334,13
10736,3
8039,3
6514,3
15424,3
4127,13
2281,4
5327,3
4656,0
9151,4
7597,16
1299,0
887,3
5036,5
2298,2
6121,0
7045,0
15597,8
7134,0
380,1
15506,0
13168,3
8089,11
626,2
4738,4
16372,6
9042,18
15256,16
6030,12
14694,9
2410,18
11625,8
7912,6
7285,3
9282,0
10842,3
3858,3
14266,0
5686,5
11991,0
11587,13
15535,3
5155,13
9803,9
4296,12
8194,5
8835,3
680,10
13959,9
13229,0
11399,6
9493,6
2832,16
4620,6
13174,6
16380,3
7326,9
16281,0
12638,16
5676,16
6247,5
4508,3
10760,4
5345,4
16762,0
4053,9
10137,10
7972,0
11299,12
2723,5
4049,0
13363,3
284,16
16875,0
13789,0
8883,9
7595,0
5293,5
10078,8
17063,5
17439,10
4231,9
15960,0
4974,0
5918,0
3878,8
14748,9
10274,3
8878,3
16702,2
4771,6
13258,4
16461,0
13980,0
5698,3
10605,6
14098,11
13109,9
7031,0
4648,0
8535,9
12048,3
14354,8
1300,0
2396,3
8910,6
9776,0
1416,0
13859,10
9214,5
5967,13
302,0
8799,0
16962,3
15127,0
12775,14
2121,0
12177,2
15607,4
2273,9
2900,0
2589,12
197,16
16222,4
7504,0
6762,1
7641,2
17881,13
17172,9
4115,2
6678,3
10980,3
16931,2
5607,10
6986,9
6889,4
5398,3
15089,10
328,18
7272,4
1403,0
17878,11
2708,5
9278,11
15397,6
3462,9
10441,14
8694,0
12466,3
14697,14
17681,6
16428,5
949,4
247,9
7612,4
8361,18
145,6
6094,9
8302,0
2409,3
16563,4
130,5
1188,3
13534,5
4360,0
6064,4
292,3
10012,0
12182,9
5406,3
10263,0
10887,9
17787,3
13825,0
8845,11
1198,16
16861,3
10578,9
11939,5
6920,3
14317,16
16217,3
11447,0
1902,14
12323,6
13936,9
12870,12
6909,18
14069,4
14131,12
13245,4
3183,1
8743,0
1342,3
1058,0
8497,16
13012,4
6502,5
8058,9
954,3
711,3
12868,5
6484,3
1952,3
9198,6
10473,9
17062,16
17556,0
44,1
4010,4
12823,3
7245,12
11993,6
4398,5
3025,8
4041,9
9563,0
5018,0
12877,9
8637,0
7621,8
10465,2
6427,14
4235,11
3154,0
15274,3
8103,6
5657,16
4054,9
17408,4
7075,8
16965,9
1436,2
3257,3
15713,3
13356,8
12669,9
994,11
15872,9
6668,3
9296,4
10271,9
2901,9
2909,3
16112,5
16652,0
6067,11
13829,0
11439,9
15602,16
4553,3
12688,5
15697,5
1831,0
16189,0
2103,0
7280,16
12156,8
1945,0
4774,0
13193,16
8240,3
5014,3
6913,4
5988,18
9734,0
76,6
2391,11
6571,4
8590,10
8786,3
4671,8
17705,4
12551,9
14932,9
15947,11
1591,0
5985,4
8592,0
9149,3
16273,4
11477,13
6312,9
9348,13
14612,3
5801,18
3001,13
12961,5
12159,12
15081,9
7523,2
15754,5
1659,5
5682,6
10542,3
10187,3
8053,0
10487,9
16826,9
12808,5
9735,14
15861,0
13732,0
6910,10
13694,12
15986,3
17943,5
13043,9
1648,3
3158,4
2461,16
13674,3
2060,12
3031,14
2991,5
3308,6
125,0
1132,0
1857,16
15255,9
227,16
11755,3
8956,2
2167,0
17508,0
13652,3
14875,3
13976,11
9144,3
2863,0
2241,3
4124,0
1245,14
7846,5
11778,0
14622,16
746,0
17079,0
9349,4
830,1
16106,9
16141,16
14641,10
13581,0
4997,3
13605,10
3239,0
4033,16
15138,3
2725,13
14195,14
9612,13
9601,16
1805,2
13972,5
624,16
12256,16
12616,0
3279,12
5846,4
8640,4
2097,4
11376,0
3226,5
14121,0
14970,6
2594,2
1698,10
17330,0
8219,6
17322,18
8808,11
2764,4
6435,14
7692,4
4344,12
6843,4
432,13
11186,0
5414,6
9016,16
17568,5
9861,1
2903,2
4139,3
16967,4
11801,16
5342,9
1027,16
4275,2
2464,4
15275,9
3642,4
6854,0
3917,14
986,9
9961,3
12504,2
10602,0
13582,0
4978,4
779,8
5411,16
2330,5
16430,16
12194,16
4918,4
8537,0
829,5
3978,0
7159,16
1999,0
10844,3
9526,0
11624,3
13349,4
15949,8
2448,10
14051,14
1099,9
14296,5
6649,0
16642,9
10483,10
18023,16
8245,3
16829,8
16903,5
16410,5
10326,4
14607,0
17633,0
16081,5
1029,14
7802,6
17690,0
7710,3
12878,8
12886,0
9865,4
17381,5
5467,18
15859,3
9791,14
6407,3
12955,13
9071,12
13701,0
15840,3
1010,8
11487,3
14037,3
6283,11
14961,0
7526,16
13575,3
17267,9
12645,5
11126,6
17490,0
9645,10
2509,2
13901,4
273,3
8111,16
3647,6
11937,3
71,0
9639,3
15893,8
17162,9
2878,10
4609,0
606,16
15344,0
12820,0
14418,3
11052,1
15624,4
15184,9
14116,8
3827,9
6975,8
2071,4
11061,9
9038,14
13399,3
16001,0
5555,11
12866,4
15231,0
12769,13
11675,6
15759,0
2478,0
14235,10
10018,12
4734,0
8630,16
12564,0
919,12
9992,3
16099,4
1625,16
6813,4
1760,6
6212,0
3875,3
8972,9
15002,5
4032,10
13011,3
7172,16
16558,8
913,4
12494,2
17150,0
4079,0
5033,3
15488,0
12622,12
6009,5
14705,9
15610,0
14747,11
11205,6
601,16
11681,0
4003,13
1291,10
14190,4
315,0
1757,5
11722,13
6120,0
2096,6
13549,9
4755,9
4376,16
6773,3
3852,16
1034,3
7489,0
16323,3
10581,3
7552,4
16508,9
14817,14
8542,8
10070,4
13154,0
4132,3
8886,9
91,3
2030,13
14135,3
15355,2
15286,11
7418,10
15700,12
10511,8
11345,3
14156,0
9354,9
7329,14
9703,12
16851,0
5138,3
2985,2
12970,12
8338,5
11626,0
5995,13
2387,5
11973,9
14814,3
16367,0
12378,16
645,3
14741,5
7688,0
12660,9
4854,4
15935,0
3739,10
16514,5
129,0
15616,0
14434,5
16843,0
4258,11
7438,3
7131,13
2444,10
6424,5
13996,3
1215,0
15484,11
10911,0
3418,0
16549,0
5412,3
9400,12
4325,0
17643,16
11492,9
9286,0
9683,0
1122,16
11460,3
6780,9
11377,18
1304,9
5804,0
12462,3
8893,9
11202,0
6925,2
9777,10
6741,3
3422,3
7901,0
186,4
12565,9
16898,2
17604,5
14764,4
6638,4
4652,3
6728,0
10894,18
11059,4
16231,5
2004,3
5086,9
4982,16
8189,3
5980,9
9756,9
5403,0
6343,8
14698,11
11151,5
13831,8
1280,4
3238,12
3423,0
14742,6
12509,6
15128,2
16779,8
6440,9
11702,6
14165,3
7554,12
7681,18
15405,9
13277,5
1077,8
17214,11
9401,8
8625,9
10432,11
4852,3
9240,16
1917,8
9459,8
13450,3
7421,2
11632,16
9184,0
17060,2
14435,0
4401,4
17393,3
9633,12
5942,0
15868,0
13129,18
12649,0
8848,3
15216,5
4567,9
17840,5
11898,6
8779,3
3995,1
10134,0
17577,10
16876,11
13060,10
12431,16
14432,0
7997,4
11065,0
17553,0
3175,3
3366,0
9722,0
1731,9
12525,2
11360,0
5143,2
17670,4
3372,0
1540,18
1849,9
3941,2
12952,11
3860,16
2842,0
15118,3
13577,0
1758,2
2750,13
1891,9
4595,0
14516,18
10830,3
6748,5
3499,8
13203,13
144,3
13673,3
11394,9
7128,0
13145,6
12829,14
11827,13
1143,0
1797,0
508,0
6879,0
893,0
3421,0
9283,14
7822,0
742,9
11211,9
11484,11
909,9
17682,18
14331,0
16255,11
8505,6
9900,2
8252,6
4967,0
11150,0
16517,5
13415,10
321,4
16351,5
17089,3
13270,0
14594,11
4281,8
5961,3
6241,9
5547,3
3191,9
2039,3
14495,9
4040,2
15454,8
10361,4
345,6
11170,6
17351,16
16386,2
13517,9
3046,13
13276,0
4705,18
6656,1
11897,0
12800,10
3624,18
11215,16
4911,12
17311,16
3480,11
312,12
8016,9
12339,8
14836,0
357,16
6029,14
16950,3
7382,1
17598,4
4564,4
11362,18
12108,0
15546,6
9606,9
10443,0
8419,9
13118,3
6987,3
15917,3
13979,5
15943,6
13092,10
1707,0
7723,9
5673,0
10143,9
52,11
12950,0
6380,5
1477,0
12784,9
13243,16
1736,9
11298,6
1612,13
14480,0
11615,16
4485,2
1670,2
16449,5
1924,0
5169,3
5611,10
16984,9
15976,3
9218,16
13671,9
13879,3
13532,5
11283,9
189,0
12208,9
10216,5
5661,6
15978,9
7322,0
4219,6
15016,16
6712,14
1263,0
16712,13
3986,8
456,16
866,10
5297,5
7261,0
12231,6
15069,3
2487,4
3165,12
11302,1
7837,3
4863,9
9906,3
7110,12
6206,0
9672,2
2197,3
5620,2
16400,0
5162,9
11861,0
16509,0
15060,3
16299,3
13790,0
798,5
8577,13
6447,3
6444,0
10549,2
5012,3
16867,2
9361,18
2838,0
17359,0
3198,11
16472,3
5563,0
3245,9
16246,8
7665,10
14558,6
16129,3
3261,10
14800,0
1320,6
13886,18
17611,11
10539,2
17637,4
14540,5
17197,5
7685,12
12562,0
12140,8
12398,5
1922,0
16618,2
13001,3
5558,2
13878,3
16936,9
15163,5
16233,0
2192,3
4207,4
1062,0
8995,3
17621,13
13121,9
4210,3
667,11
9456,6
6839,6
884,3
9274,12
194,0
8457,18
6137,3
1985,5
10496,16
4410,8
17258,0
8940,5
16469,1
8121,3
15770,0
14623,12
14491,12
2831,5
4221,0
10721,4
9128,10
2671,5
2457,3
1120,10
6176,0
1584,9
4674,3
6145,3
14793,5
7089,0
3197,3
3926,11
17357,4
6542,18
3874,3
16881,0
11057,8
12882,14
7574,3
6902,6
16947,18
474,5
1286,0
10214,0
2304,0
5736,5
3391,9
6348,9
7524,9
10598,2
16557,6
16144,13
1293,6
17141,6
7350,5
1000,13
13984,0
5977,0
9312,3
6707,16
2433,8
17801,9
5116,8
7266,3
16356,0
11633,9
3952,3
6166,16
11329,3
8286,8
15009,16
13909,3
3945,0
2845,6
9315,4
17039,5
1900,0
16842,12
4184,3
5310,18
8437,3
3317,9
7462,12
2744,0
7531,8
4713,3
14562,4
1350,12
14756,0
17925,0
5258,3
14186,4
13485,11
12433,4
1162,0
4614,3
11895,4
3569,3
4837,11
10876,2
12624,9
7223,4
12254,6
10135,12
12924,9
17917,5
6456,4
14268,8
7118,0
10261,10
16657,0
2556,3
2964,6
586,11
1480,11
3478,16
15760,0
14056,0
16244,11
9472,3
15550,18
6967,4
3288,0
17811,0
12410,13
4463,0
9409,10
7992,2
3605,2
13797,5
17109,6
2884,0
5891,11
16037,5
5091,0
1370,13
3324,6
8024,9
14100,13
6968,5
5852,6
668,3
6150,0
11308,3
2303,0
5494,10
16902,10
7219,5
15193,2
3586,16
11134,3
14689,0
4560,0
5766,0
9977,9
67,3
10986,12
11608,11
17494,0
15496,0
13642,5
7753,6
1289,1
15611,18
16671,0
1016,16
3568,16
8461,16
942,0
10909,0
11907,16
168,0
12828,0
16718,2
9320,3
4679,11
15857,3
12199,2
10906,5
2908,0
17906,3
18009,9
13711,4
15234,5
15887,8
4542,9
14572,9
10905,10
6749,4
9488,3
16572,0
8651,3
10059,9
11762,9
2789,9
5775,12
12268,16
5082,0
1234,0
2424,5
15279,11
12765,16
4248,11
12636,9
8242,2
13940,0
15638,9
2147,6
11357,8
3828,6
15244,3
1880,10
17301,0
16257,11
15963,5
5818,9
8965,9
4583,16
1119,0
13020,2
6846,13
15992,4
9134,9
163,0
206,11
6608,10
4011,0
9741,14
5026,11
11342,10
15111,5
7791,2
17997,4
1259,6
9345,12
3108,6
8106,11
11358,3
2975,10
17225,5
14123,5
4329,0
6223,2
6320,5
17108,2
12467,0
2779,4
4368,11
4413,12
14191,13
12307,0
392,3
7628,3
4977,0
880,6
379,4
6664,0
11661,3
2614,0
3870,9
11043,11
5556,8
13215,16
10745,9
16076,0
6991,9
11187,12
13283,4
10832,4
979,9
7547,13
6055,12
633,3
12013,13
2628,6
53,0
17072,13
3404,3
14812,0
10090,5
17208,14
14687,0
13066,9
9873,5
5987,9
11977,8
13260,3
9170,8
1855,11
15865,3
1015,3
16005,10
15263,12
14136,9
11934,16
13522,2
16414,16
8571,0
3002,3
9666,18
3225,5
4766,6
2672,5
3679,6
8390,2
8018,5
15634,3
11845,9
3861,16
11992,4
16611,0
9883,5
13175,3
10239,0
3503,18
1935,0
6581,9
252,11
5353,16
17201,10
5263,11
13966,3
6584,16
1541,3
13476,0
689,8
9656,6
14832,3
920,0
3369,0
8176,10
6356,12
11069,3
11605,0
2948,0
6114,12
7884,0
14898,5
11024,3
17702,10
14155,18
8556,5
2,2
10769,6
15708,8
10155,10
16638,3
12755,0
6190,2
545,3
17038,0
8334,5
2658,5
6601,0
4253,13
16584,2
17777,3
11278,0
9095,0
3470,3
10737,16
6102,9
6448,5
13641,6
13504,16
2618,4
2634,8
15973,5
12236,11
8544,3
2661,10
13651,16
10881,6
17575,10
9632,12
2148,4
17429,0
14450,5
16185,9
4312,10
5088,0
12969,0
14610,9
5152,13
676,3
4515,5
11905,9
738,6
3885,4
6901,5
11405,4
16541,11
15632,6
10871,0
10002,10
17540,3
7399,2
3975,9
13943,12
2733,3
9470,4
6940,9
14075,9
9542,16
10862,0
3767,8
16046,0
1830,9
16619,12
6433,13
3712,4
1818,5
195,11
9188,3
13351,6
17703,13
16251,9
17656,13
5487,6
12602,0
13422,3
5045,10
2741,9
4470,12
11383,16
13654,12
5019,11
12780,16
5654,18
11009,9
15258,16
241,0
12448,0
17403,2
11388,6
13347,0
7035,12
14285,1
5724,13
9316,9
14133,3
8804,5
5192,3
17527,13
14571,8
13454,3
3618,9
18005,0
3424,3
8486,3
5734,5
10809,8
7897,0
5894,18
4590,3
16540,0
12414,4
148,0
14406,0
2340,9
10650,5
7315,0
12033,12
10122,8
16521,9
8462,0
11478,10
16230,5
17580,8
16240,11
8855,14
7218,3
4821,2
9083,10
4464,2
13367,3
11500,5
17310,0
15094,0
4630,9
613,5
17234,11
11732,0
13735,0
5260,14
6149,9
1688,0
13822,4
12052,8
6945,12
2754,9
12095,6
1741,9
11724,0
10904,3
2829,0
11350,0
7104,12
8294,3
6336,13
14002,9
87,6
10706,6
11080,9
16569,16
15994,8
16921,0
2648,0
17674,3
1055,16
137,3
7108,0
15734,4
7160,4
11301,6
2912,18
12850,5
1229,16
6233,0
13169,9
9952,18
12366,2
8923,4
15050,0
6415,10
3998,4
10300,0
11807,16
16989,5
8629,0
3673,3
17065,3
10758,9
2376,3
11936,3
2231,9
198,11
12600,3
5154,1
824,0
2722,2
244,2
2112,1
13430,0
2075,0
662,14
9295,4
5198,9
1677,8
7696,9
8468,4
11392,3
3136,3
9191,2
7435,8
3340,0
8153,11
10530,6
5064,0
16592,3
8483,4
15524,5
7049,4
13627,3
12198,5
10960,13
7976,13
62,0
15469,0
15539,9
17430,3
14286,16
14149,9
13483,2
10866,5
698,14
2085,2
9105,3
5405,10
14503,9
3708,0
16146,5
15932,3
3320,8
13113,4
1916,3
4832,0
10998,9
10103,5
2972,18
11249,11
4100,10
5590,9
16810,0
8174,9
7932,0
15835,13
15995,6
7379,3
6998,18
500,14
8849,0
710,0
12250,9
619,9
10298,6
1040,12
892,6
2036,0
13407,0
12186,6
10765,6
7754,3
5381,11
4450,11
14657,10
15768,0
1393,18
13658,0
1564,16
16313,0
1669,0
14979,5
1589,12
14560,3
1212,13
1369,3
3972,0
11421,6
5136,14
8408,2
10647,3
14270,5
5134,16
2392,2
17423,5
5587,3
6248,13
11190,0
5800,3
5214,2
5262,12
1161,0
8500,12
11210,1
16119,13
10478,8
12179,18
10657,3
4090,3
10613,0
13739,4
2470,6
4214,0
12286,3
882,6
3022,0
8239,0
15892,6
15109,6
16739,5
13191,5
17969,10
12905,4
16606,12
1396,16
7818,16
1821,5
13533,5
17284,9
2145,0
1861,16
378,0
5031,4
11108,0
5383,0
8526,0
15848,8
7208,6
13164,8
2137,3
11555,0
11912,6
7963,9
1963,18
83,3
7471,3
7443,10
838,12
15143,8
4476,0
14532,0
8636,16
6236,6
4196,6
15557,9
8967,12
11321,0
1856,11
1302,8
13594,3
8916,13
3055,10
14889,3
6531,6
15145,0
2696,16
9462,6
13539,9
12953,3
2351,9
17877,9
16394,13
4272,0
13295,9
13103,3
16349,2
13023,9
12604,3
3919,10
17899,9
17050,4
17662,10
10813,13
3620,3
13142,6
12943,9
2239,13
2654,0
6277,3
1556,0
13216,3
12753,0
11783,14
13743,6
14325,0
6428,8
11036,6
5866,3
5739,5
8558,0
6358,0
13328,11
10833,3
7299,9
12078,0
17271,0
14734,3
14426,3
12965,3
11966,9
2031,5
13228,3
9719,3
7882,9
529,4
10768,3
6274,0
14638,0
17228,2
15774,0
14626,3
9795,8
13114,12
4537,5
2816,5
6606,8
6022,5
17173,12
6672,5
4946,0
7788,5
17016,3
8476,9
11894,3
6478,3
9929,9
12749,5
2485,3
3834,3
6555,18
8807,0
7993,9
16621,3
12495,3
9853,9
8208,0
6460,9
4912,16
18,4
3626,12
4022,3
49,5
3166,12
910,0
6378,0
7375,16
7125,11
6154,3
11018,0
8873,8
3230,14
3009,3
1456,3
141,3
10311,18
10777,2
3259,1
5226,10
113,6
8312,9
17534,3
4644,11
4680,0
11662,9
4778,3
11473,5
8100,0
16729,0
12991,12
14582,3
3339,0
10968,0
16040,0
4142,0
4488,6
15815,0
16761,0
9917,8
11634,16
10874,12
461,0
7401,13
3798,3
7395,9
17101,0
5080,3
3730,4
2818,0
9018,3
14374,0
1898,0
13068,0
1025,11
398,3
11825,0
6549,0
1509,0
2284,6
10785,16
17277,11
8263,6
1017,6
7168,1
5092,0
3993,0
3032,9
11803,9
7005,16
17572,0
16536,3
4858,13
1324,0
10210,0
11279,16
4249,2
2587,13
17269,6
1950,3
16214,3
5040,6
8723,13
6144,10
7763,9
1178,8
1605,16
3233,9
16192,4
9877,3
7243,6
17003,6
4236,11
4365,2
2274,18
14472,6
177,0
1946,18
9473,3
8917,11
16216,8
3472,3
1576,11
2338,0
9709,4
1395,8
4436,0
14382,0
5358,12
15239,13
16998,13
699,0
13313,0
15443,2
3731,0
1702,4
520,3
169,0
16204,6
9378,3
16319,14
7507,4
1957,13
11915,11
7402,5
3924,9
4276,3
7503,8
13447,11
10937,9
1130,13
12305,6
15316,11
10138,3
5408,13
14743,8
11322,16
11374,5
5865,0
154,1
15511,0
5785,3
12338,5
2889,0
10953,6
17935,5
13782,0
3617,3
3789,13
14397,6
16722,9
12789,5
4623,9
14543,3
10208,11
12520,3
14704,18
8624,0
2034,2
17157,0
8662,9
15513,12
5236,16
10952,12
12021,6
12044,9
3880,5
16872,8
3514,3
4676,0
7494,14
208,9
9509,12
6807,9
13421,13
2804,6
12035,18
8658,13
1892,16
14162,5
6139,13
10376,4
3302,6
11204,12
12960,0
15507,0
3171,9
13395,1
12493,16
10375,3
6045,18
16007,16
5921,9
8738,0
5740,18
4386,2
11805,12
3218,6
6659,3
11131,9
17281,4
15706,6
1412,0
16211,0
9061,6
3902,9
846,4
4865,3
8147,5
4354,0
8605,5
13862,16
597,16
15074,18
283,4
6899,1
7558,18
3314,3
14767,6
10879,3
17842,0
294,3
15758,0
3137,3
15901,9
15392,8
14119,9
16796,18
12571,13
11770,3
9769,9
13807,2
15548,18
275,4
4655,1
15654,13
15802,0
16564,5
16945,14
12644,9
11630,10
9770,6
6824,11
12407,0
4395,4
3242,0
15133,3
1454,9
8431,9
9243,9
11244,9
15429,18
4642,8
12945,5
7958,6
13095,6
6416,8
17902,10
14304,13
17765,0
1159,0
10849,0
12386,11
10727,5
11038,3
6359,11
14822,6
17721,18
2929,4
13198,0
7566,12
13256,3
14221,0
10348,3
14067,6
15999,0
5622,0
9592,11
1956,11
14639,9
9436,5
3855,9
12851,9
14525,16
8503,3
2205,14
3070,0
1131,3
14411,13
712,3
15306,9
5050,4
8463,6
17531,14
4449,0
2820,14
4000,0
14911,5
11849,5
3763,9
7924,13
14112,16
646,0
2498,5
13941,4
16063,5
3894,16
4503,8
11055,16
17996,18
3811,14
2220,9
6817,0
9026,0
3382,9
14177,3
9841,5
7575,6
2843,1
12540,4
1225,2
1717,12
4018,3
7762,6
4525,5
16683,14
11063,3
15559,11
5831,9
15233,8
10903,13
16587,4
2415,16
5061,6
2261,9
8299,12
10614,3
3390,0
14492,4
3650,4
17843,16
17885,16
3686,11
6334,6
2516,2
12670,3
11526,0
8433,11
16559,2
6084,0
11207,0
12096,0
3734,11
12721,16
5253,16
7738,5
7112,11
13038,0
10407,11
3487,16
10925,16
8352,8
2455,9
3274,0
16737,11
5464,0
14527,13
6718,4
2953,3
16917,0
13165,16
1327,0
11844,0
3709,18
14477,16
14389,5
16413,16
9660,4
10389,16
16784,13
9239,13
17760,0
17597,13
8711,11
17951,2
5551,10
7297,3
10893,0
8013,16
2798,16
9652,0
10277,2
13126,16
14310,13
9986,9
11984,8
5052,12
16077,0
10779,13
6599,3
17416,12
8036,14
16301,0
8977,4
11720,3
503,16
11920,6
16599,9
1142,11
5743,5
5180,0
1798,16
11707,16
14464,12
17189,10
6473,13
6714,3
2699,0
17937,6
7701,4
10900,9
15642,10
5339,4
3711,5
2839,9
12238,13
14369,4
10868,0
15605,16
1737,9
5791,10
2341,5
6050,18
7909,18
10442,2
10162,0
11247,16
3377,16
4870,3
8508,5
14546,5
9973,5
10109,0
7749,4
218,5
11585,5
6835,3
16111,6
8846,18
2037,4
3547,3
7142,9
5197,2
13648,4
11850,11
6724,3
3833,9
15503,0
6532,0
14802,0
25,12
17526,0
10808,18
11683,0
7803,0
13670,0
5796,5
9932,0
235,4
282,3
6810,3
12301,9
11819,6
12974,10
9350,0
11058,2
10233,4
12143,5
16086,6
8748,9
15085,5
8872,9
14989,16
6740,6
16198,8
1128,16
3338,4
5443,12
15514,0
2248,9
17849,9
12429,0
8545,2
13162,8
9002,3
13639,18
11698,4
11527,4
11996,0
11441,5
12760,3
14184,6
18021,4
2251,0
4637,0
4482,5
7537,3
3785,9
997,0
4664,6
6641,12
740,12
6268,3
17549,3
12326,0
2860,5
2619,11
4098,6
6314,4
8378,16
13212,0
16995,3
4136,3
11882,0
10082,9
2848,9
2266,9
5929,2
12193,16
3936,9
14138,2
2800,0
12100,18
10547,3
14861,4
12187,9
15946,5
3289,4
4292,0
3994,13
12334,3
10675,0
14576,6
1433,3
9103,0
12705,9
13084,5
7848,4
5073,11
3315,8
17610,0
16806,13
2715,0
2202,16
8741,16
8238,12
693,13
14867,11
7147,13
16375,13
10393,3
3911,10
1858,16
16286,13
17894,5
12018,3
13101,4
15101,3
2144,3
8132,3
15504,8
6836,0
1714,0
10494,9
4291,0
14730,3
14209,3
1586,5
14122,9
11737,3
12026,9
8710,6
5280,0
1494,5
15416,11
17507,4
3282,3
16496,5
17299,6
13607,6
7307,3
7573,0
9141,16
1792,0
4048,18
8511,6
1813,11
9572,18
10265,6
11071,3
18019,2
2059,0
2048,4
16858,5
3964,4
14049,3
3299,0
4505,13
13196,6
10470,0
13680,0
8752,3
11194,0
2302,5
14236,3
4146,6
5677,18
9262,11
5062,5
5453,2
8578,13
6205,0
8083,0
16466,5
1557,9
15987,5
1410,2
5778,6
9395,0
2641,11
17831,9
5727,6
15431,3
13465,3
11263,0
17989,9
5953,6
7259,11
13076,2
5943,3
10011,6
4979,12
12971,9
11944,3
6015,3
534,8
8193,14
3674,3
9299,3
13681,18
237,3
15549,16
3865,2
12554,2
6437,9
13458,3
7231,0
12229,3
10398,9
16730,3
17500,3
1991,0
6481,5
17518,0
15349,9
11913,0
6203,4
11074,1
17230,0
2268,0
9480,6
17186,16
9186,12
5674,3
4608,0
5904,0
16954,10
5848,5
2678,6
4816,9
7964,18
9028,0
17959,2
17255,2
9259,12
14529,5
2483,8
6167,16
9185,5
16687,3
11833,11
6472,3
10739,6
12226,18
3229,4
1852,0
15833,2
7298,9
9641,0
5181,5
14031,5
15799,3
7152,4
13655,4
12890,8
15237,11
5039,9
12479,0
6157,18
16581,9
16388,16
5690,3
7053,14
5695,3
7365,0
1257,8
15057,9
6976,11
15446,5
13601,9
8400,3
15115,12
6680,9
12385,4
162,0
9019,3
9968,18
1627,0
5679,10
17584,5
7380,8
5668,0
6814,16
7327,2
14703,0
10783,3
15487,18
7623,2
12288,3
13633,8
7714,0
1594,5
2885,3
446,16
5900,5
15958,6
12308,10
1626,0
7541,9
2836,9
3768,3
9422,11
5792,16
4037,0
4815,11
9344,3
1267,5
3011,13
10740,5
14586,0
15098,0
10554,5
14334,6
1531,9
12990,6
6590,8
7497,9
7970,0
7690,13
8061,3
12696,6
10821,3
16740,3
5281,0
5753,5
8712,16
5340,14
2174,9
12068,0
2136,6
5508,2
10403,4
12185,8
16663,11
190,16
14632,5
8086,4
3722,18
3490,0
14977,5
1413,0
15261,9
8769,11
7570,0
5132,0
4988,3
11750,14
12028,12
3237,16
16655,0
13090,3
15589,12
8608,5
11610,9
17941,13
15486,9
2279,16
8218,0
13195,9
10153,4
4314,2
14488,12
11367,16
14949,16
9953,5
24,3
3427,0
1114,4
13125,4
11098,6
8898,2
11815,0
11980,18
17295,9
2899,0
10709,2
7680,3
12550,12
11646,11
7613,11
8049,11
4228,0
9687,10
715,0
3802,0
12180,9
6457,3
1256,16
2042,5
281,13
14534,3
16887,0
6040,0
3013,0
3704,0
3977,6
4867,3
5956,2
17769,4
4193,9
14805,9
1164,9
2822,3
8335,0
15988,8
15499,0
7805,9
9313,11
13592,18
14517,3
2540,16
17757,16
7887,5
13391,5
4006,12
17833,18
2430,3
8166,3
7221,9
116,11
1906,12
10959,11
3181,6
4336,6
373,0
16555,5
2876,3
12251,6
14900,18
14665,16
17231,9
4787,4
12613,16
3871,3
6179,16
14288,11
3602,8
3895,14
6769,2
16821,3
13251,9
13262,0
1989,0
16899,5
14913,0
13801,11
16309,0
11909,12
9991,6
7408,18
17932,9
8077,8
13242,0
7303,3
13128,3
13416,14
7099,3
5978,3
11070,16
4850,6
10590,6
905,0
14176,9
13573,4
572,10
15863,4
13599,0
1236,3
14808,8
7829,4
15097,4
9890,11
6663,0
12258,16
12160,10
10691,14
3273,5
3697,11
1749,5
16138,6
8618,0
1167,2
3224,10
6323,4
16463,0
3797,5
10296,6
15095,9
2714,2
9015,2
1338,18
2620,8
9370,6
12699,13
2891,10
7039,5
12163,3
14360,6
9614,5
2195,0
15249,12
3905,5
3232,16
14972,2
16072,1
13550,3
10582,6
9508,3
5099,0
6752,3
9681,3
1667,0
15651,2
9902,0
17874,6
367,13
139,0
8652,16
9936,9
13558,16
391,0
11400,0
14720,3
4948,9
7875,3
17040,0
1471,12
9755,0
14148,9
971,0
16212,2
5600,0
5008,13
8719,3
11125,18
1975,3
2398,0
3298,2
11551,0
12599,16
9679,5
16182,18
3876,5
10552,16
1979,3
5725,4
4230,3
12608,9
9163,5
2462,0
14952,3
6251,12
807,2
14305,4
6917,4
11570,9
8186,14
8472,0
17565,4
5774,3
2216,3
2213,2
6754,3
4082,14
13085,9
4419,12
933,12
6385,4
14428,8
2355,4
10227,4
12057,9
9634,0
6716,0
4539,6
7741,5
9554,3
15019,9
8088,11
4739,16
6335,0
12074,5
452,0
3479,5
9778,9
16912,16
14971,0
9837,8
15317,5
5855,9
1080,0
13384,4
11688,4
9843,9
3766,6
12188,5
952,11
16691,5
6593,3
8932,0
1872,16
11334,18
13368,6
12659,16
11967,13
14072,12
17236,12
15107,12
16148,9
2054,6
936,0
7755,12
16100,6
15051,3
17852,5
2660,0
11677,18
5020,0
9972,12
6689,10
15921,16
6,12
11391,11
7982,16
6708,3
3425,3
13226,16
10331,0
15243,9
13970,9
1675,10
1168,2
16895,12
368,16
2114,2
3196,14
5256,11
7126,4
3305,14
16174,1
2286,4
1507,2
1866,3
10276,9
11854,11
3321,3
15490,3
12132,0
10410,13
4093,11
16994,0
8729,9
3564,1
2712,8
16531,2
14662,14
1157,3
14028,5
10722,0
1862,0
7604,4
16390,2
15276,0
15968,0
7201,4
4397,3
9525,16
12580,0
4756,0
9613,11
5577,3
17891,3
8130,4
1899,5
2328,3
2514,0
12803,12
12528,3
4081,9
13661,9
6522,3
6563,9
17323,3
6142,8
395,0
14275,11
1668,0
12007,3
15204,2
11118,13
14953,14
16477,2
792,0
14134,12
7863,5
15008,0
11601,10
4745,0
12744,18
9280,0
13854,0
17542,3
10253,0
1885,3
2548,5
204,0
15699,3
3938,3
5149,5
6000,18
12439,9
2756,0
8070,10
17174,5
340,8
3877,9
13693,2
17786,12
960,9
10858,8
1816,0
15936,4
8775,3
11090,9
3812,5
1014,5
5542,12
17713,18
14255,16
7129,2
1918,3
5917,5
3829,14
16871,4
6699,5
3114,4
16814,3
13932,9
8524,0
16109,13
4700,13
3385,6
14844,0
6363,9
11789,11
6159,12
3375,13
15208,3
15079,0
15378,0
6244,0
11415,6
15951,3
13130,0
11820,6
8364,18
12118,10
11651,0
12531,3
3695,9
17018,16
10570,13
1388,11
5097,13
15180,0
5934,3
4574,0
5776,0
3174,9
185,3
12066,0
2924,11
10198,16
878,6
17904,0
5003,2
14143,4
17373,3
1843,0
17395,10
10828,18
5584,18
12854,0
16305,3
2011,5
16295,0
15933,2
14408,3
4785,0
5081,0
12944,3
4737,4
1186,9
9589,3
15125,6
1357,5
10489,4
15374,3
4886,3
6924,0
5919,0
16418,0
14453,0
7026,13
1488,12
5509,5
8491,9
14014,14
13419,4
2857,9
10027,5
10536,6
12981,6
7760,0
12899,4
3515,0
14058,6
7961,11
4458,9
9093,0
12797,2
15542,0
6844,9
10324,3
12222,0
3803,14
2306,16
7572,12
4078,3
9484,0
17122,9
13950,0
11409,5
2440,9
1213,0
2050,8
196,12
14085,0
17054,18
8935,6
14706,2
5627,0
793,0
10794,3
1511,8
1889,0
12665,18
12713,0
3808,2
13048,0
14388,3
15619,0
8136,0
414,0
6876,0
13371,9
10464,4
17779,6
10283,3
16728,9
6436,9
12083,0
6706,5
10778,9
1479,10
351,0
7611,5
13587,13
11547,0
10927,12
748,11
4662,0
9347,0
9430,11
17178,6
14507,0
3581,16
7510,12
15771,3
7293,11
7998,0
10374,5
12372,2
9677,0
13892,2
1380,9
678,5
14366,1
1526,0
16015,4
16285,0
16690,3
5249,10
10713,13
10077,8
17666,11
9458,0
2575,16
15045,5
16579,0
5473,9
3260,12
14226,16
16058,9
5825,2
15877,16
17243,6
14376,11
16080,9
8415,8
15717,9
40,0
10667,0
16408,0
15737,3
17005,16
13372,12
13788,0
16315,12
14719,11
11867,5
6946,9
10766,16
15014,9
16276,4
10912,6
2777,8
14430,3
1493,11
956,16
9518,5
4576,4
7292,11
15005,4
13337,12
17365,12
13180,3
13965,3
14232,0
15356,16
7369,3
12218,12
10616,0
5170,10
10729,16
8028,16
5493,16
9829,10
3006,0
7935,12
4254,0
4163,3
2010,3
17130,5
17452,16
4327,9
12805,13
7135,9
433,2
17406,18
10291,3
17601,18
16752,16
12348,9
6254,3
5767,6
14256,3
12040,9
9209,9
4681,0
2713,3
143,3
2651,0
6829,0
1409,0
3741,3
9846,5
17938,5
6482,10
7561,0
4829,8
12237,10
1165,18
10655,0
7516,0
13396,3
1829,0
12369,4
15695,9
4733,16
7712,12
469,3
6227,8
8332,16
11790,6
973,0
12127,4
9714,9
6490,18
4714,2
7500,2
14775,4
6036,6
14416,10
6151,8
451,0
6786,0
9983,16
10634,12
8998,10
9224,4
3900,8
5158,5
6256,1
15782,9
17198,0
6464,9
16229,5
2001,3
9442,9
157,16
10693,3
15570,9
4663,6
1115,13
6160,0
14904,4
11348,2
9086,10
12825,16
9301,9
8099,16
11315,9
1715,13
6891,13
16393,11
6539,14
9266,0
11659,0
2372,4
7233,16
1124,10
16726,14
16704,4
13495,2
6574,0
12572,0
10995,3
1756,6
10083,3
9351,5
14007,10
8540,1
9618,6
3901,0
6418,13
3412,0
4153,5
9356,0
10207,16
17474,11
604,8
9529,3
13535,9
15575,13
11178,0
2555,5
10286,0
13953,11
3051,8
17420,6
13985,2
15440,10
14843,10
663,3
14024,11
11978,4
9774,0
269,13
11968,1
15421,0
6916,10
17630,5
16658,10
13482,5
10327,2
3934,13
10639,0
10799,13
6392,14
16854,0
17867,12
3778,5
8598,9
9975,0
14333,4
1567,9
17336,0
946,9
15347,3
7469,3
4443,0
688,14
3671,18
5203,16
10297,5
8931,10
5346,0
7320,10
12390,18
14509,2
14118,13
11100,2
2645,16
6017,0
10167,4
6634,3
11424,4
7270,16
2353,16
8970,8
3757,18
707,0
14493,11
630,5
7304,6
15435,6
3262,0
10665,0
11387,9
6755,3
4211,9
1941,3
14220,6
287,1
263,5
11330,0
17543,0
5037,3
2879,2
15018,3
11753,13
3590,0
13008,0
7107,3
13795,16
5321,8
2331,2
6174,3
8228,0
4741,18
5095,9
6838,9
17454,5
8840,6
10607,8
5515,0
486,5
2608,0
8237,16
7,3
12081,18
6533,3
2604,9
13329,3
12843,0
6984,0
5648,0
13762,0
2472,9
6872,12
10200,5
4960,18
2320,3
9383,0
1615,0
7403,3
9439,0
10379,6
4042,16
13842,11
5990,6
16467,0
12987,3
17459,5
7330,0
3937,3
17533,4
6953,2
11459,0
7691,5
803,0
11078,3
1790,0
16775,6
14845,9
11197,0
6644,9
5885,5
14846,3
13436,3
14479,14
9465,14
15015,12
9553,9
17296,3
2370,16
15024,3
10471,0
5150,6
11010,0
17160,0
10688,5
1768,0
627,8
4753,0
15850,9
5512,8
8253,3
8326,3
8697,16
16326,6
11568,8
3819,5
13184,5
12975,4
17923,10
11627,0
98,14
7121,18
3199,0
13637,5
14651,9
1575,11
12010,4
15211,9
3715,9
11060,9
15348,3
1555,3
13519,18
1673,10
4709,6
12711,0
12094,2
6691,4
17806,0
2134,18
7234,0
6285,9
7664,3
588,16
10071,0
16840,6
17220,0
3124,0
614,12
14959,11
6759,0
9265,8
8023,6
15720,5
7487,14
6423,2
15694,3
17555,18
15974,9
12923,5
13404,9
6087,9
8725,3
1981,3
16422,12
8250,2
1794,16
3737,13
12076,0
13662,6
15703,10
2407,0
4338,12
5531,3
6403,0
13448,9
15394,5
17571,13
12165,10
15313,2
16734,0
16213,0
16964,6
5696,11
1199,18
8075,3
15732,8
17075,0
9802,6
11552,3
15931,3
17647,0
15816,16
14828,3
17305,5
897,3
2343,9
17433,5
2697,3
15325,8
17407,8
5445,9
17858,9
9210,3
17973,6
598,3
207,18
8044,9
10024,4
2057,2
11665,9
11891,12
928,12
649,16
8621,9
16308,9
2017,0
165,0
5093,9
16125,16
9743,0
10860,0
4801,4
9245,0
1463,11
7002,8
13091,4
13538,3
14261,8
17276,9
7855,12
7881,6
4361,3
7674,14
16484,0
15552,3
13766,3
11262,0
10248,9
11062,13
3448,9
2896,0
13188,11
15885,16
16306,9
7605,3
13185,0
3395,11
17632,0
10802,4
6525,0
9065,13
2140,12
10391,12
16427,5
8149,3
13938,5
16093,13
5112,10
8903,0
1481,6
16258,0
7034,0
2664,3
1943,0
8339,0
3991,2
2812,6
14609,0
6517,11
10272,9
12123,18
14213,4
5163,3
14370,16
2141,3
8487,12
14167,11
17626,13
5730,3
9205,3
3535,18
13148,3
14769,9
8422,10
2215,0
17376,0
14153,9
1774,11
8754,3
2053,4
13626,11
14351,0
677,12
1314,9
12732,9
16685,0
12695,0
10222,3
17687,3
1045,0
16600,3
9704,11
11216,0
8831,5
2867,14
16807,16
1692,11
852,4
1197,9
10928,16
9582,11
6373,14
15721,2
5570,5
13290,0
8787,2
10457,1
890,14
11385,5
17535,5
5188,6
5532,5
555,0
13656,16
9506,0
17892,9
12946,12
6474,8
17465,3
3454,3
16553,5
11371,16
12591,0
11672,3
16152,9
14518,9
15712,5
17972,9
10985,3
11219,11
4030,14
11355,8
6770,11
13635,8
6971,18
16201,0
3653,9
13069,18
15785,0
2616,3
11033,0
17061,3
15571,5
5131,5
1106,12
12722,3
6002,4
10477,9
14834,5
10851,8
5060,13
2066,13
13373,0
17127,3
8057,6
16894,14
7460,9
229,9
1039,16
15173,3
1972,3
16403,0
5349,12
9783,0
2223,3
717,0
1151,0
7520,3
12325,6
16032,0
5205,13
8050,0
1820,0
15579,12
2688,9
7687,6
7748,3
3553,0
14227,0
1063,0
14577,0
10654,13
15977,6
17979,5
8666,5
2703,3
10679,11
15238,3
3039,8
2600,0
13983,2
5227,6
2203,13
11548,18
9293,6
14329,11
14863,11
6569,13
4039,4
1460,9
16452,0
2571,9
15629,18
8183,0
16603,6
10241,5
5441,0
14076,4
6130,3
458,9
16607,0
9661,0
6106,3
15693,18
3794,13
7495,5
8716,16
6397,6
13691,0
17088,4
7434,14
9682,1
6368,16
6037,0
13609,12
2507,14
22,3
2110,16
1694,8
9064,0
8871,3
11147,9
1408,12
1765,10
10867,12
3823,18
10723,2
8816,1
13623,0
4259,9
17168,6
4156,4
9866,2
12103,4
8635,0
6704,3
4643,9
12747,5
15178,0
13320,11
3603,11
17965,2
7139,3
10983,2
9746,5
17576,6
16084,0
8955,8
12791,5
14835,3
10145,12
14868,0
13210,0
664,0
6501,2
7670,5
17768,0
14506,0
15853,3
7302,0
11888,4
15590,6
7842,10
11401,4
1285,4
4966,6
10945,0
38,3
5439,0
17655,18
14753,18
12500,2
12420,3
7167,10
2204,0
705,8
15577,13
11655,9
16551,16
14583,3
2508,10
12517,9
11243,3
12124,0
7265,3
6384,0
5035,5
6057,0
4668,5
5895,3
12474,0
10626,3
7713,14
16672,5
10718,11
13333,9
533,16
8879,3
13811,3
15536,0
11775,14
17081,13
4055,12
14983,5
6422,0
10101,5
802,0
10820,9
16068,0
5712,9
6089,8
9010,0
3816,16
2240,9
14378,2
8724,3
18010,9
4363,0
12652,9
8732,4
16379,16
10612,5
10023,8
9994,6
7115,3
1870,11
12055,11
9333,16
11404,3
15099,0
17750,0
2422,13
13473,13
8714,0
3909,0
12146,8
1275,4
7647,9
11704,12
6636,13
13545,0
12121,14
17289,0
14770,0
5538,3
10969,6
11842,4
10427,6
6618,0
9138,0
13849,4
10888,9
11983,2
17790,5
15177,9
10947,9
5612,9
5428,11
15891,3
4616,16
10058,18
374,6
15814,0
12327,1
12767,12
18011,9
149,9
1709,9
11499,12
17011,10
7794,2
8763,4
11927,4
7934,3
3520,10
14673,8
12618,0
11997,9
3333,0
5034,3
9403,9
15790,4
6347,11
15084,12
17055,3
14006,8
15221,16
15103,6
15851,0
9225,3
3997,11
7236,0
8230,0
79,3
7225,6
2292,9
16126,9
12459,9
797,6
11255,5
17319,3
16194,3
7594,13
9155,0
2325,2
8274,5
12530,8
3968,5
15738,12
7314,18
9494,0
6286,12
3698,9
16794,5
6389,0
8780,9
401,9
3253,11
16,8
16787,4
4277,0
2726,12
17639,3
15192,12
6278,9
16047,12
3557,9
14528,9
9839,5
16582,13
16664,10
7536,4
4930,9
610,4
12264,0
4807,2
14158,12
8902,4
5938,5
10958,10
8110,0
13176,3
12717,14
5998,10
2401,16
6147,12
4888,16
10841,2
4885,16
4677,0
11453,0
8820,12
166,3
690,0
4346,8
14601,18
17847,0
7522,13
15130,5
17993,11
10397,3
6476,18
11495,3
14695,2
9271,9
5644,10
6118,5
8143,18
7782,0
6921,0
11112,16
7904,3
4928,0
2339,0
6673,5
8046,5
14168,6
4563,9
13767,3
13053,6
3783,2
11048,0
6252,0
10150,16
15090,4
1587,0
11440,8
10535,3
14787,9
15156,4
15120,8
2088,6
789,8
5799,12
8017,5
9888,0
17952,2
8004,0
3365,5
4601,5
12657,4
17224,6
15786,9
3355,6
9187,12
1435,9
1414,8
10544,16
7062,11
5777,9
1678,9
14372,18
8966,11
7041,5
8755,16
15751,6
6528,0
9253,3
11986,12
12724,6
1207,9
5548,9
12682,3
13679,5
16124,0
10525,3
5173,8
8812,0
16855,0
5271,5
10338,0
13841,16
709,5
3920,16
6650,0
17883,0
6613,8
15419,0
10341,2
14110,0
7291,5
16454,16
6736,0
11114,0
5275,1
11613,3
4428,12
12574,16
1927,3
16816,0
17497,0
2545,3
6058,18
3098,10
5888,4
12025,9
868,9
8899,9
12152,8
12623,3
12105,10
12661,0
8116,9
16597,6
14559,4
7482,3
14174,3
15749,16
550,5
16183,9
7274,16
3024,8
2581,0
17915,5
5883,3
1074,16
7181,9
2003,3
2582,5
11354,5
15013,2
8589,6
5009,6
14968,11
9507,6
15476,9
6012,3
8442,3
4337,0
13877,0
15465,9
14885,12
16745,11
16809,11
5762,4
12801,6
6209,16
6018,6
7515,3
3038,10
4303,0
7138,0
6849,10
7989,5
17397,18
12938,4
8420,3
7838,11
13500,3
15676,6
12350,0
3200,9
8482,9
17968,14
14267,10
12507,3
17375,4
11641,0
1869,13
5650,14
8951,5
11129,5
12573,9
575,0
4183,3
13033,10
8595,11
15773,16
5534,0
4518,0
10586,16
8761,0
1474,9
8613,11
4486,5
17627,9
1730,5
17919,5
10111,12
17134,5
13386,8
6073,9
2547,8
15613,8
15402,8
14590,3
16003,9
349,10
2454,6
9982,12
15390,18
16334,14
5893,11
4661,2
3792,13
10957,2
2841,18
9903,0
10907,9
17513,0
1038,0
5378,18
4986,0
10152,9
12996,9
7258,0
6674,6
4110,8
17634,13
150,6
290,14
17731,3
8718,4
13836,5
12375,11
16431,4
9920,12
13177,2
15777,3
6898,6
4524,3
7589,11
239,0
17676,13
10964,0
7260,12
16565,0
10318,11
13990,18
13204,0
3145,6
17668,6
10495,11
650,0
6943,2
2544,5
2719,2
16614,0
12847,4
16720,3
16455,6
10732,0
10255,0
15088,2
12041,8
14032,6
12313,5
16571,12
15942,3
4288,0
14399,9
9874,8
10800,0
3944,10
9609,0
11064,3
2874,18
16136,4
17723,11
5347,16
8695,13
7569,2
12589,5
16778,3
17684,0
11472,11
17343,10
9966,9
1776,0
7540,4
11229,8
14781,12
4333,16
16177,0
2523,5
10966,3
18012,9
3780,12
15471,16
6832,9
1847,0
727,3
11457,0
17333,0
5285,1
16868,12
5573,5
15289,4
73,14
14500,0
7990,8
12889,6
14339,6
13294,11
17733,0
5196,5
6892,0
9566,2
14920,0
11003,3
1152,12
1270,13
16107,0
12024,3
2395,11
16804,9
11766,9
13553,11
6727,5
12441,6
16101,0
6908,11
16053,0
9958,5
12336,18
12157,3
4437,6
14404,3
1375,0
18015,8
17424,0
7564,3
8796,0
6779,16
1126,10
11040,0
9339,4
9008,9
9926,3
7467,0
7766,0
1012,6
10865,9
2910,10
11924,3
9021,0
15302,4
648,3
13220,2
1278,6
3241,1
493,0
9965,3
15328,12
13127,11
14874,0
9842,9
3102,0
5105,8
16904,0
7136,10
3335,3
15844,4
7366,4
3750,3
6801,5
6936,9
12581,12
17805,3
1347,0
13410,0
3287,13
1098,0
4905,0
16537,6
11034,9
15323,12
10044,9
5863,0
10824,0
13537,16
17283,16
14383,4
4701,6
3159,11
12408,9
17550,8
7003,0
1331,6
7424,8
15530,9
6402,4
16471,2
15198,6
13951,2
10093,2
5597,5
5389,18
9787,8
10231,9
1840,6
12389,12
9855,6
5299,8
8381,9
5142,4
6565,3
8800,1
8255,9
15918,16
2405,2
7239,3
3721,9
14791,3
7189,3
16986,13
11591,0
16030,6
1317,0
17261,9
4526,0
11835,13
2181,9
6915,0
11039,4
12449,3
12532,0
10065,3
15311,11
17819,1
17909,8
17114,2
14245,0
16248,9
13737,5
7028,16
10076,1
3677,12
10942,5
12058,0
8727,12
7288,0
988,9
6123,5
13922,3
14403,18
4973,11
17796,0
142,11
13339,4
12860,12
12283,4
4222,0
9077,2
14405,11
7071,0
6667,3
5341,4
11600,9
10224,0
4512,3
18018,6
15259,4
415,3
8366,0
9376,0
16371,8
13443,8
10810,0
10946,3
16801,0
10789,14
9314,3
8389,6
11236,18
14338,8
11788,12
11433,9
11780,18
4479,11
5350,3
11,0
4849,3
1205,18
15898,8
15269,9
10335,0
10901,4
14040,3
2921,6
6596,8
12295,0
6345,1
9398,16
12277,13
3050,16
9332,6
11295,9
7254,8
11426,5
7146,0
11752,0
14589,3
14732,16
16733,9
14923,0
11989,0
9099,4
12841,0
1472,9
17815,0
15245,3
2933,8
12418,0
9287,5
2234,3
16961,5
12523,3
11558,11
7371,3
3793,13
2827,0
10005,13
464,12
9190,13
8342,16
1399,5
3779,0
5550,0
1420,11
9220,18
15957,9
1026,9
15030,5
7907,2
3619,18
16134,3
4190,16
10019,0
1708,9
13037,14
3235,13
16061,6
16859,0
9725,3
17517,14
499,9
3292,18
15229,18
3898,10
11035,10
16828,11
13235,0
5304,0
7995,3
11644,5
5810,0
590,9
8284,5
723,10
5200,16
17044,9
3354,16
8276,12
12098,4
10807,0
13649,0
9705,3
3186,0
14251,9
14579,2
13875,3
16589,8
17161,3
16695,0
14567,0
5000,0
4521,9
10250,5
1011,2
17034,3
17603,4
15385,16
17382,0
17988,0
7850,18
15820,8
12483,9
6374,3
11906,0
6201,9
10873,11
15895,4
5336,16
14943,11
15870,3
12303,18
1227,16
12617,3
9898,0
17217,11
13947,16
7662,11
6942,0
10185,13
9386,0
8477,5
9742,8
10422,0
7312,5
4552,6
914,2
11199,13
2012,9
13924,0
12844,0
5868,0
6652,2
6412,5
12354,9
13882,6
7739,13
9289,5
3311,4
6695,4
6764,3
7493,6
17314,0
15709,12
9584,0
12298,5
7616,9
12751,16
12499,13
126,0
5469,16
1268,16
2335,9
2795,0
8628,0
4670,0
9407,9
1258,8
15332,3
9380,6
17132,0
7116,0
5274,6
12257,4
10933,16
4371,0
1084,5
6379,5
15670,3
11250,8
286,4
9415,2
9694,2
15148,2
993,0
16329,3
10780,0
4024,6
1982,3
17957,0
1305,8
637,9
16637,3
1783,0
1422,11
2247,13
14425,2
9960,6
10038,3
3635,3
10750,16
10608,4
15881,18
6228,9
2788,12
6163,11
3240,10
3254,5
9685,6
6211,12
7165,3
591,18
10759,13
6783,10
7252,3
14280,9
16972,3
15954,5
6394,6
9657,9
3496,11
13413,0
11297,4
6008,9
5833,0
10381,3
11042,13
274,0
647,13
12207,2
3143,6
3530,0
6553,6
3438,0
7199,0
12837,12
16364,6
12456,13
17799,16
5645,3
14039,0
10436,3
4435,0
9629,11
16746,16
2157,0
8373,3
10430,13
12359,11
17585,0
3278,5
13389,0
3883,4
8478,4
3217,6
14588,10
2324,3
4684,18
13,16
1687,16
12920,0
14429,0
1563,14
2411,6
4735,2
11463,0
12438,14
15480,12
10738,4
383,4
16667,0
6602,6
537,6
9310,8
11786,3
14193,8
13018,5
7029,13
10543,5
3658,8
17014,0
11320,4
8052,8
3018,4
14650,2
12045,6
543,2
15914,0
3781,3
13856,0
4820,11
9646,6
12720,0
1426,6
13305,2
12442,3
12831,3
10183,0
11390,6
9821,0
10781,12
17912,8
12240,6
5737,8
15509,2
15791,2
9650,0
6688,10
16304,9
4791,0
15591,0
1753,1
16245,18
17822,2
980,3
6802,18
3517,3
9766,0
11185,3
13059,9
15448,9
8759,2
2115,5
981,5
10365,5
161,0
14323,5
7141,1
12318,0
13920,5
9273,11
361,1
13792,5
6189,10
6353,18
12985,13
12566,0
9119,18
14311,18
11382,0
17104,8
9455,0
2980,5
8664,3
16031,5
4731,11
679,2
16411,3
7194,3
10377,9
3732,3
8129,5
311,9
10733,13
4880,2
2402,0
12129,3
12233,11
1970,0
17732,9
3491,0
9114,0
3705,18
15822,6
16650,2
1297,11
13889,16
1598,4
11365,2
12017,3
10529,13
7316,0
15658,6
15622,6
13524,11
4185,6
13426,3
8014,4
4995,3
7433,3
526,0
917,2
8765,10
21,5
11802,9
17980,8
922,12
210,10
17125,4
468,18
10444,3
2476,8
8602,2
12643,4
13906,13
9481,16
3453,0
14461,0
10098,12
3982,5
5482,13
9078,9
16049,0
567,3
9819,11
10668,2
16038,18
3206,11
7051,4
2100,0
1968,4
652,4
6193,9
8669,8
17410,5
17756,11
13893,11
8783,6
16766,3
106,5
3103,3
12676,16
10565,2
1750,3
90,10
7150,0
15843,0
10637,0
3236,0
940,5
7980,0
14746,3
6860,0
16622,12
1992,6
12478,3
14343,13
11254,6
6488,0
1,9
8182,4
14624,3
12777,9
6158,0
9306,12
9076,4
2774,3
16348,11
14722,8
13666,9
13898,5
8949,0
16143,5
17876,0
3179,4
11344,18
17573,13
10847,0
9957,12
13668,3
3831,4
216,2
800,4
17302,0
3560,1
4274,5
2087,18
15444,0
9092,3
5519,12
6267,16
9947,11
8516,0
13153,0
11987,0
16879,5
12874,3
13908,0
10401,4
8626,5
12290,11
4243,16
11174,0
3857,0
13644,0
8750,10
600,0
5564,9
18014,0
117,13
6771,3
5204,5
17836,8
17107,5
8877,6
1804,6
13823,6
11758,4
15375,8
3286,3
538,3
15560,9
12329,0
5761,4
9054,11
6170,13
6462,0
14283,3
8948,8
8876,0
3444,6
3743,14
5887,13
6698,6
1646,3
18026,16
16206,0
9159,9
15839,3
2023,16
11645,0
12395,16
13115,10
7567,11
5732,5
1723,6
16462,18
16670,3
6570,6
1013,9
15389,5
11873,9
11951,3
3155,12
13527,9
14284,6
10600,0
2902,5
9257,3
3406,4
16757,11
6665,12
14580,16
3420,0
13288,0
11974,16
12031,2
14709,13
7959,0
17800,0
2474,3
12175,0
4889,9
2399,11
16713,16
11603,11
9256,11
8223,1
15161,0
17616,0
7634,0
13026,9
7196,11
13781,3
5179,11
2428,3
587,14
1467,14
13548,3
9624,6
11947,3
15047,12
10914,9
5545,8
1033,8
4628,0
13247,3
7145,13
2108,8
1163,3
10074,18
10373,0
299,12
16406,0
4071,0
9955,2
3809,4
11929,3
2773,18
17344,6
12966,10
15172,10
16705,9
2865,0
9194,11
16435,5
2517,9
3805,2
13752,0
371,6
7058,2
14985,8
2183,0
7453,0
1343,10
6298,5
11522,0
1629,8
2442,9
14856,0
9702,12
5331,9
17053,16
9162,0
3082,4
10096,11
8382,0
9284,11
14196,3
5393,10
4044,0
14960,6
4209,5
999,18
7430,5
15903,0
9940,4
14054,2
5111,3
11086,9
13505,0
12107,16
1976,0
4763,6
10419,10
915,5
7426,16
8054,10
14848,3
7801,16
10301,3
11582,4
14115,12
747,16
7352,3
8401,0
16199,3
14489,3
10954,5
7413,1
11818,5
1421,6
3631,14
9255,0
5528,16
17924,3
16552,9
15203,0
15829,5
14858,4
1911,0
8356,12
828,3
4895,18
16988,5
12502,9
17288,5
17992,0
10630,0
9334,10
15460,16
4577,16
2686,6
14578,18
7979,0
14561,9
147,3
2076,5
1193,0
11921,3
2094,9
11027,9
12928,9
3494,3
7206,4
4440,0
10823,8
276,2
13244,4
8596,18
12560,0
17835,0
9181,2
17740,0
3879,3
14202,12
16096,16
10190,16
4425,10
560,18
8663,3
11942,0
15538,8
9505,3
14016,4
15837,11
7708,2
15626,8
12009,3
6766,14
8384,16
12901,4
3043,5
16849,8
13678,0
2721,13
9558,3
632,18
4580,14
3357,9
6865,16
1535,6
9195,18
17254,8
15329,1
11337,0
4310,12
8987,1
4511,0
12282,3
12422,12
8756,0
4896,2
17102,5
14132,3
12154,8
16219,9
5417,13
7256,2
2467,16
1791,3
11563,8
12496,9
17788,3
347,5
12087,9
1373,3
3707,0
3066,10
7096,12
4166,3
16648,0
9838,2
8522,8
17442,5
12664,3
13618,6
17136,9
9309,3
60,6
1269,0
5231,11
2389,6
15354,0
2164,2
1562,9
7761,0
155,8
14833,0
492,0
6234,9
12903,5
12351,0
16172,16
1803,13
16147,1
15823,9
9115,10
7860,0
4944,0
2765,3
11260,3
6949,5
13344,9
11779,10
6052,4
3129,5
3696,14
3090,0
3029,11
11892,8
8810,9
15464,5
17249,13
4341,3
15965,3
8142,3
8191,2
16316,13
1661,14
13134,16
7321,6
5576,5
16793,9
9171,13
11592,11
8797,3
1335,6
8588,0
4106,12
2653,9
13064,14
2626,0
3248,6
4922,0
16415,3
2150,8
15834,9
13139,0
17751,4
7220,3
13457,3
1310,0
13486,10
826,3
14893,9
11602,0
4651,1
17747,10
15668,3
4932,2
10307,9
8870,13
14142,9
9285,1
3516,12
2242,12
16361,14
4506,1
6262,0
14581,18
844,5
15376,10
8515,8
12415,0
15457,16
9689,10
17612,5
17151,16
13852,5
3116,11
7357,9
6850,5
3363,3
8681,6
16715,0
10889,18
14587,5
11212,0
12849,4
11490,6
17859,6
7787,6
16773,11
14717,14
10288,16
1514,18
4964,8
13350,9
16330,5
8188,4
12586,0
5908,3
11706,2
5330,18
6772,5
15852,9
5592,16
790,0
7450,0
17976,5
2771,14
2123,10
976,9
2531,3
9360,9
1800,5
10178,3
10110,9
4321,9
13664,6
5038,9
5693,4
16573,5
10599,9
4846,9
4460,5
13742,16
13257,13
5397,3
2033,6
12556,11
13211,16
13763,6
5065,0
17798,3
13491,4
6911,12
3667,9
18008,6
8220,11
8740,12
8122,11
10516,0
1664,16
8119,14
13489,3
4290,12
6580,6
9710,6
11923,0
2762,5
6639,9
4749,16
1897,0
3134,6
15053,9
1685,16
3481,0
3540,9
11267,8
1834,9
13997,8
15420,0
3866,12
3432,4
11784,3
7333,12
11869,0
8961,0
127,0
6070,0
13912,3
15652,8
4532,9
7284,3
849,9
17716,10
11694,6
7929,3
10584,3
17667,0
2490,0
10747,18
17071,12
836,5
13259,0
11617,6
17223,0
17846,0
14443,13
12541,0
5890,5
2160,3
815,0
10343,0
7032,4
2728,2
16813,3
16091,18
3825,14
2949,16
14677,9
3290,0
8010,3
6479,0
17341,0
13698,10
11318,2
14230,5
4697,0
2287,11
5472,6
2382,0
11479,4
1147,12
10999,9
429,0
945,4
9631,2
5507,5
5899,2
15684,12
8548,13
2013,0
11521,16
4091,0
3754,0
13046,18
11465,9
1277,3
2236,16
9363,9
4757,0
6095,8
6690,9
7950,5
12191,5
7078,6
9696,0
10741,3
14348,3
7721,9
78,9
15841,9
9242,0
8157,2
6062,0
11375,11
3455,12
5514,3
8314,2
5354,12
3596,9
8730,0
1951,6
17402,0
238,6
12460,9
8134,13
9492,16
3554,0
14523,16
10775,6
1374,4
8673,5
1658,5
5385,4
7177,16
2263,6
10057,8
16981,8
17492,5
13237,3
14891,5
7124,0
1960,9
1871,0
9954,11
12856,3
13201,3
6350,0
17464,16
6401,0
4285,9
13075,8
16943,0
9516,4
6594,16
14025,16
15696,18
13982,8
11168,8
869,18
5663,6
13499,8
14602,12
14200,2
118,5
9004,0
14330,8
8823,13
16724,11
5440,0
9290,9
10997,3
4403,3
2644,9
13309,16
14201,5
10796,13
11840,0
6895,10
5728,13
1644,9
3881,18
14569,2
10761,0
10363,16
1802,0
15998,5
2520,0
16237,16
6866,2
16048,5
12440,0
8092,0
13170,6
14664,0
6491,0
16951,4
8414,5
7705,0
9984,2
6282,0
11696,3
3663,8
6406,0
4719,18
15455,6
16844,3
6346,4
17582,6
10466,9
13027,0
5861,0
8304,6
13777,6
3148,11
1949,5
7016,18
7817,6
8324,11
17538,4
5981,16
5217,12
5221,0
13900,0
15340,9
4706,6
6938,4
17090,13
16066,3
11700,8
2169,0
8301,3
8882,11
13274,9
55,2
17371,9
307,4
14468,0
13845,8
4513,12
12639,6
10684,9
10659,9
5338,3
10694,5
16616,0
14414,16
10356,3
17252,12
6496,8
7117,18
13995,9
3971,0
17719,3
13150,4
11533,13
10357,12
4265,11
685,4
3328,8
8633,6
10105,9
12897,0
11864,6
6202,2
6355,16
15491,6
7492,2
6371,11
12476,4
12252,3
3887,5
6386,0
4378,16
5672,3
14683,13
8090,5
4240,16
16856,4
7179,4
4983,8
10522,0
4945,6
4724,14
9736,16
10405,14
7076,3
8167,9
9707,6
7085,9
7015,6
13314,0
16102,0
4760,0
12413,16
7132,3
1281,4
11691,18
15563,3
10234,9
4949,3
8744,11
8587,5
10372,6
4442,6
10561,9
16969,9
14786,3
7378,13
14725,12
3483,2
10209,12
17685,9
5070,3
4629,16
17449,8
12582,3
2092,0
6108,3
15756,9
13726,9
4899,10
11128,3
3703,5
15412,3
6100,3
10052,4
13016,4
15466,5
8327,18
413,6
393,3
8867,3
7405,0
10548,18
14052,16
7073,8
7106,2
4234,4
17596,5
13826,5
8575,0
2237,3
1041,3
5219,0
9,0
10332,8
4894,5
16976,11
5821,0
12929,9
1619,16
2835,16
13481,16
5418,0
7451,14
15139,3
6153,12
4926,0
5058,0
553,13
7626,8
3786,16
13937,2
9520,0
686,5
11237,0
11189,0
1385,8
13591,13
7251,2
8826,11
3394,5
8203,3
12060,11
9775,6
5751,3
6305,3
16082,9
11933,4
14126,3
11217,0
5001,9
1895,8
13232,3
17905,11
2149,5
16852,0
13697,5
5124,2
845,9
1569,16
1243,4
516,16
14980,10
10384,0
6655,6
10346,4
9763,5
13380,0
3776,3
17672,9
4836,2
11943,0
15801,13
5399,0
6713,3
1853,3
3203,5
1355,6
4391,0
7637,4
8856,0
9767,3
14089,8
6432,8
14250,12
1580,9
11715,0
11738,5
7193,9
2592,0
15678,9
6859,10
4937,4
6930,3
4409,0
9096,5
5432,0
9531,18
4817,3
11393,14
1088,3
1195,3
7795,13
11346,9
4573,16
8493,13
5588,0
17450,0
2553,0
4439,2
4247,3
17827,8
17121,18
14206,16
14809,5
7323,18
718,10
17620,13
14481,5
8953,5
14692,0
12384,0
13861,0
2974,5
14849,11
10724,16
5750,0
3504,9
12280,3
7499,0
2187,9
5199,0
5168,18
16377,3
14824,0
3027,0
6099,6
11885,0
749,5
7731,4
7686,3
422,0
11557,3
5856,13
17561,5
3329,12
8974,0
427,0
11480,4
10006,2
15614,5
16615,18
2126,4
12401,3
3437,16
5835,10
10843,8
3984,2
13750,16
5638,3
8152,0
5486,0
2793,4
5147,16
4073,3
2473,4
12174,0
6963,3
874,11
16682,6
5989,0
4696,5
16699,9
9726,3
9387,8
10013,8
2539,0
12158,3
7532,16
2907,0
14357,6
5992,16
4533,0
2528,16
10663,4
11368,18
13511,13
13563,5
11529,9
9620,3
7392,16
13551,10
3570,12
1720,6
8281,18
15432,3
17312,11
9850,9
13773,16
3407,9
13449,16
16576,11
13031,6
17291,9
5335,6
7951,9
13676,6
17240,0
1107,0
9384,0
1974,3
1177,8
6060,16
8464,13
14554,4
5273,13
14387,3
17567,4
8467,6
17978,8
17368,3
4547,0
6927,12
8137,16
7216,0
7102,4
15510,0
4218,3
899,8
16723,0
16307,10
3113,8
14896,4
15637,3
2541,18
15647,13
4866,13
10100,13
17306,11
876,14
11180,5
13385,4
13672,1
11105,9
4578,3
8325,11
6782,0
12276,9
2414,0
4869,3
12567,18
8881,5
10854,11
6097,8
17266,5
5912,9
7344,10
7485,8
12781,6
7704,0
8246,6
806,0
12491,3
1441,4
10938,5
16873,14
3071,11
11307,8
4087,2
7598,16
13173,0
3933,9
1938,0
5541,13
585,4
1859,0
6214,2
3035,16
17718,11
10698,4
193,11
719,6
17339,0
12715,12
306,14
3484,5
1086,0
14729,18
10967,11
3508,12
10924,9
8362,5
7824,16
11531,4
4729,5
13206,0
9183,9
8146,9
5705,9
9330,11
7158,6
15955,11
16944,3
6006,12
10884,9
8919,10
3500,2
14862,9
14668,12
7027,3
17785,2
13010,0
8200,0
9325,18
4640,3
11515,5
4823,5
1247,12
13715,5
4059,6
5805,4
14278,14
17694,12
2927,0
12206,3
14497,2
3021,3
14462,5
2244,0
16817,4
5697,0
2610,16
15904,4
9825,2
5641,3
13133,3
12423,18
6414,0
4582,9
1181,3
15459,18
10066,0
7543,2
10446,5
7295,5
14886,16
5522,16
2093,5
13433,12
12067,0
16706,0
9388,6
14363,3
16983,6
14783,6
14549,2
6742,6
8271,4
8307,3
1845,0
4824,3
11325,2
2431,12
5870,3
8844,18
1775,0
2971,3
11631,9
8496,4
2029,0
6671,12
14535,3
2868,10
17392,2
16028,0
11814,8
9522,5
15393,8
12004,10
1973,14
200,4
7923,16
8154,16
2373,13
4469,5
12940,2
11667,13
205,3
5024,3
5902,11
14234,6
7534,0
5966,2
877,6
14160,0
14852,0
4825,0
17431,9
1676,6
11877,0
6710,9
14090,2
3367,18
8144,18
2041,2
681,3
13821,0
3817,0
5632,11
7669,8
9659,10
6904,9
1337,0
11716,2
16027,3
10428,0
10369,9
16487,9
3694,4
14214,6
2747,0
11471,3
16646,6
9978,14
11133,3
11028,0
10108,3
16529,6
1085,0
1719,0
6494,3
7718,8
15122,0
12627,16
8920,5
17600,13
16261,18
209,3
12937,6
7044,13
513,3
17767,3
14053,10
8261,0
15253,8
5151,12
9951,18
11179,3
14326,10
12069,16
2501,0
15574,3
13330,3
8551,0
6299,0
3628,10
6003,4
12918,9
14272,6
400,4
6864,4
5356,12
15733,2
2749,9
2070,6
2621,6
8156,0
16548,3
16783,9
5374,9
7346,16
8734,18
6451,1
12425,0
9448,8
17615,3
8691,8
1042,12
7773,5
11756,3
1021,13
4375,0
164,9
5781,13
7007,0
13250,9
9880,13
8139,18
13686,3
11015,16
11881,0
1047,11
4014,6
1623,8
3214,10
14838,9
8380,3
12447,0
17509,12
16108,3
2666,18
11230,3
10431,18
8593,16
10451,9
10762,9
8958,11
10834,3
14799,6
9005,0
3960,0
3622,0
11614,9
1298,11
1942,13
3067,3
192,4
2802,3
8830,3
6516,10
17927,12
6543,0
5146,3
5409,13
2479,6
791,0
1726,9
8479,0
16352,18
11583,2
14718,12
4507,13
17193,18
6382,8
11503,4
12201,6
5489,3
883,5
16116,8
